Workbook

Sheet 6-1-26
A1: KOPERASI SERBA USAHA "CAHAYA DHAMMA PHALA"
A2: Badan Hukum No. 2/BH/XIV.1/II/2016 Tanggal 5 Februari 2016
A3: Dukuh Windusari, Desa Sokaraja, Kec. Pagentan, Kab. Banjarnegara 53455
A5: BUKU ANGSURAN PINJAMAN ANGGOTA
A6: Per 6 Januari 2025
A7: NO. | B7: NAMA | C7: TGL | E7: ANGSURAN PINJAMAN | I7: SISA | J7: SWK
E8: KE | F8: POKOK | G8: JASA | H8: JUMLAH
A9: 1 | B9: Suryadi | C9: 4-4-17 | D9: 5500000 | F9: 0 | G9: =SUM(E9:F9) -> 0 | H9: =SUM(F9:G9) -> 0 | I9: =D9-F9 -> 5500000 | J9: =1/10*G9 -> 0
A10: 2 | B10: Waginah | C10: 16-5-17 | D10: 1910000 | H10: =SUM(F10:G10) -> 0 | I10: =D10-F10 -> 1910000 | J10: =1/10*G10 -> 0
A11: 3 | B11: Tarmono | C11: 18-8-20 | D11: 1750000 | H11: =SUM(F11:G11) -> 0 | I11: =D11-F11 -> 1750000 | J11: =1/10*G11 -> 0
A12: 4 | B12: Juliyah | C12: 2-2-21 | D12: 13750000 | H12: =SUM(F12:G12) -> 0 | I12: =D12-F12 -> 13750000 | J12: =1/10*G12 -> 0
A13: 5 | B13: Purwadi | C13: 14-03-21 | D13: 19950000 | H13: =SUM(F13:G13) -> 0 | I13: =D13-F13 -> 19950000 | J13: =1/10*G13 -> 0
A14: 6 | B14: Waluyo Ragil | C14: 27-04-21 | D14: 100000 | H14: =SUM(F14:G14) -> 0 | I14: =D14-F14 -> 100000 | J14: =1/10*G14 -> 0
A15: 7 | B15: Sapdono | C15: 24-8-23 | D15: 10500000 | H15: =SUM(F15:G15) -> 0 | I15: =D15-F15 -> 10500000 | J15: =1/10*G15 -> 0
A16: 8 | B16: Sudarma Widya | C16: 28-09-21 | D16: 15310000 | H16: =SUM(F16:G16) -> 0 | I16: =D16-F16 -> 15310000 | J16: =1/10*G16 -> 0
A17: 9 | B17: Rahmadi | C17: 15-2-22 | D17: 6500000 | H17: =SUM(F17:G17) -> 0 | I17: =D17-F17 -> 6500000 | J17: =1/10*G17 -> 0
A18: 10 | B18: Ratmi | C18: 8-3-22 | D18: 13195000 | H18: =SUM(F18:G18) -> 0 | I18: =D18-F18 -> 13195000 | J18: =1/10*G18 -> 0
A19: 14 | B19: Cipret | C19: 21-6-22 | D19: 4250000 | E19: 4 | F19: 250000 | G19: 100000 | H19: =SUM(F19:G19) -> 350000 | I19: =D19-F19 -> 4000000 | J19: =1/10*G19 -> 10000
A20: 18 | B20: Ika Kurniasih | C20: 03-1-22 | D20: 42000000 | H20: =SUM(F20:G20) -> 0 | I20: =D20-F20 -> 42000000 | J20: =1/10*G20 -> 0
A21: 19 | B21: Kamto | C21: 28-2-23 | D21: 12680000 | H21: =SUM(F21:G21) -> 0 | I21: =D21-F21 -> 12680000 | J21: =1/10*G21 -> 0
A22: 22 | B22: Handi Cahyono | C22: 04-04-23 | D22: 9380000 | E22: 9 | F22: 9380000 | G22: 2450000 | H22: =SUM(F22:G22) -> 11830000 | I22: =D22-F22 -> 0 | J22: =1/10*G22 -> 245000
A23: 23 | B23: Hartati | C23: 04-04-23 | D23: 1500000 | H23: =SUM(F23:G23) -> 0 | I23: =D23-F23 -> 1500000 | J23: =1/10*G23 -> 0
A24: 24 | B24: Sartiyah | C24: 04-04-23 | D24: 600000 | H24: =SUM(F24:G24) -> 0 | I24: =D24-F24 -> 600000 | J24: =1/10*G24 -> 0
A25: 25 | B25: Dwi Vijjayanti | C25: 11-04-23 | D25: 22200000 | H25: =SUM(F25:G25) -> 0 | I25: =D25-F25 -> 22200000 | J25: =1/10*G25 -> 0
A26: 26 | B26: Marsinem | C26: 2-5-23 | D26: 4800000 | E26: 7 | F26: 1000000 | G26: 200000 | H26: =SUM(F26:G26) -> 1200000 | I26: =D26-F26 -> 3800000 | J26: =1/10*G26 -> 20000
A27: 29 | B27: Suharjanto | C27: 11/7/23 | D27: 1030000 | H27: =SUM(F27:G27) -> 0 | I27: =D27-F27 -> 1030000 | J27: =1/10*G27 -> 0
A28: 30 | B28: Saliyah | C28: 18/7/23 | D28: 1500000 | H28: =SUM(F28:G28) -> 0 | I28: =D28-F28 -> 1500000 | J28: =1/10*G28 -> 0
A29: 31 | B29: Suminah | C29: 26-9-23 | D29: 14000000 | E29: 4 | F29: 14000000 | G29: 3000000 | H29: =SUM(F29:G29) -> 17000000 | I29: =D29-F29 -> 0 | J29: =1/10*G29 -> 300000
A30: 33 | B30: Leni | C30: 10-10-23 | D30: 2750000 | H30: =SUM(F30:G30) -> 0 | I30: =D30-F30 -> 2750000 | J30: =1/10*G30 -> 0
A31: 34 | B31: Kasmi Purwadi | C31: 24-10-23 | D31: 1500000 | H31: =SUM(F31:G31) -> 0 | I31: =D31-F31 -> 1500000 | J31: =1/10*G31 -> 0
A32: 35 | B32: Gini Wanto | C32: 24-10-23 | D32: 12000000 | H32: =SUM(F32:G32) -> 0 | I32: =D32-F32 -> 12000000 | J32: =1/10*G32 -> 0
A33: 41 | B33: Kami | C33: 9/1/24 | D33: 750000 | H33: =SUM(F33:G33) -> 0 | I33: =D33-F33 -> 750000 | J33: =1/10*G33 -> 0
A34: 43 | B34: Wahyuni | C34: 30/1/24 | D34: 2800000 | H34: =SUM(F34:G34) -> 0 | I34: =D34-F34 -> 2800000 | J34: =1/10*G34 -> 0
A35: 44 | B35: Karsih | C35: 30/1/24 | D35: 3500000 | H35: =SUM(F35:G35) -> 0 | I35: =D35-F35 -> 3500000 | J35: =1/10*G35 -> 0
A36: 47 | B36: Painten Darwito | C36: 16/2/24 | D36: 12000000 | H36: =SUM(F36:G36) -> 0 | I36: =D36-F36 -> 12000000 | J36: =1/10*G36 -> 0
A37: 49 | B37: Karni | C37: 2/4/24 | D37: 1250000 | H37: =SUM(F37:G37) -> 0 | I37: =D37-F37 -> 1250000 | J37: =1/10*G37 -> 0
A38: 52 | B38: Siyo Dwiroso | C38: 16/4/24 | D38: 5800000 | H38: =SUM(F38:G38) -> 0 | I38: =D38-F38 -> 5800000 | J38: =1/10*G38 -> 0
A39: 60 | B39: Purwati | C39: 4/6/24 | D39: 14320000 | H39: =SUM(F39:G39) -> 0 | I39: =D39-F39 -> 14320000 | J39: =1/10*G39 -> 0
A40: 62 | B40: Tarsini | C40: 02/07/24 | D40: 400000 | H40: =SUM(F40:G40) -> 0 | I40: =D40-F40 -> 400000 | J40: =1/10*G40 -> 0
A41: 64 | B41: Santosa | C41: 09/07/24 | D41: 2100000 | H41: =SUM(F41:G41) -> 0 | I41: =D41-F41 -> 2100000 | J41: =1/10*G41 -> 0
... A47: 76 | B47: Kuswono Katam | C47: 05/11/24 | D47: 9900000 | H47: =SUM(F47:G47) -> 0 | I47: =D47-F47 -> 9900000 | J47: =1/10*G47 -> 0
A48: 77 | B48: Sarijem | C48: 05/11/24 | D48: 1400000 | E48: 9 | F48: 200000 | G48: 60000 | H48: =SUM(F48:G48) -> 260000 | I48: =D48-F48 -> 1200000 | J48: =1/10*G48 -> 6000
A49: 80 | B49: Nisem | C49: 03/12/24 | D49: 9900000 | H49: =SUM(F49:G49) -> 0 | I49: =D49-F49 -> 9900000 | J49: =1/10*G49 -> 0
A50: 82 | B50: Saroji | C50: 17/12/24 | D50: 300000 | E50: 10 | F50: 300000 | G50: 60000 | H50: =SUM(F50:G50) -> 360000 | I50: =D50-F50 -> 0 | J50: =1/10*G50 -> 6000
A51: 86 | B51: Minardi | C51: 21/1/25 | D51: 16400000 | H51: =SUM(F51:G51) -> 0 | I51: =D51-F51 -> 16400000 | J51: =1/10*G51 -> 0
A52: 87 | B52: Kuat Siti Kirana | C52: 28/1/25 | D52: 25400000 | H52: =SUM(F52:G52) -> 0 | I52: =D52-F52 -> 25400000 | J52: =1/10*G52 -> 0
A53: 89 | B53: Vijja Ratano | C53: 18/2/25 | D53: 200000 | E53: 9 | F53: 100000 | G53: 20000 | H53: =SUM(F53:G53) -> 120000 | I53: =D53-F53 -> 100000 | J53: =1/10*G53 -> 2000
A54: 91 | B54: Suroto | C54: 18/2/25 | D54: 5000000 | H54: =SUM(F54:G54) -> 0 | I54: =D54-F54 -> 5000000 | J54: =1/10*G54 -> 0
A55: 92 | B55: Sono | C55: 25/2/25 | D55: 7460000 | H55: =SUM(F55:G55) -> 0 | I55: =D55-F55 -> 7460000 | J55: =1/10*G55 -> 0
A56: 93 | B56: Metta Candra D. | C56: 25/2/25 | D56: 600000 | H56: =SUM(F56:G56) -> 0 | I56: =D56-F56 -> 600000 | J56: =1/10*G56 -> 0
A57: 94 | B57: Mislam | C57: 25/2/25 | D57: 20000000 | H57: =SUM(F57:G57) -> 0 | I57: =D57-F57 -> 20000000 | J57: =1/10*G57 -> 0
A58: 98 | B58: Lewih | C58: 25/3/25 | D58: 1985000 | H58: =SUM(F58:G58) -> 0 | I58: =D58-F58 -> 1985000 | J58: =1/10*G58 -> 0
A59: 101 | B59: Rusmini Bolot | C59: 8/4/25 | D59: 450000 | H59: =SUM(F59:G59) -> 0 | I59: =D59-F59 -> 450000 | J59: =1/10*G59 -> 0
A60: 103 | B60: Kadi | C60: 15/4/25 | D60: 3500000 | H60: =SUM(F60:G60) -> 0 | I60: =D60-F60 -> 3500000 | J60: =1/10*G60 -> 0
A61: 106 | B61: Marsito | C61: 27-5-25 | D61: 230000 | H61: =SUM(F61:G61) -> 0 | I61: =D61-F61 -> 230000 | J61: =1/10*G61 -> 0
A62: 108 | B62: Darwito | C62: 10-6-25 | D62: 1000000 | H62: =SUM(F62:G62) -> 0 | I62: =D62-F62 -> 1000000 | J62: =1/10*G62 -> 0
A63: 110 | B63: Manis | C63: 15r-7-25 | D63: 700000 | H63: =SUM(F63:G63) -> 0 | I63: =D63-F63 -> 700000 | J63: =1/10*G63 -> 0
A64: 111 | B64: Turyanto Madiono | C64: 12-8-25 | D64: 1500000 | H64: =SUM(F64:G64) -> 0 | I64: =D64-F64 -> 1500000 | J64: =1/10*G64 -> 0
A65: 112 | B65: Aniah Marsih | C65: 26/9/25 | D65: 6570000 | H65: =SUM(F65:G65) -> 0 | I65: =D65-F65 -> 6570000 | J65: =1/10*G65 -> 0
A66: 113 | B66: Ranem | C66: 26/9/25 | D66: 300000 | E66: 5 | F66: 50000 | G66: 10000 | H66: =SUM(F66:G66) -> 60000 | I66: =D66-F66 -> 250000 | J66: =1/10*G66 -> 1000
A67: 117 | B67: Tato | C67: 18/11/25 | D67: 52000000 | H67: =SUM(F67:G67) -> 0 | I67: =D67-F67 -> 52000000 | J67: =1/10*G67 -> 0
J68: =1/10*G68 -> 0
J69: =1/10*G69 -> 0
J70: =1/10*G70 -> 0
J71: =1/10*G71 -> 0
J72: =1/10*G72 -> 0
J73: =1/10*G73 -> 0
J74: =1/10*G74 -> 0
J75: =1/10*G75 -> 0
J76: =1/10*G76 -> 0
J77: =1/10*G77 -> 0
J78: =1/10*G78 -> 0
J79: =1/10*G79 -> 0
... J185: =1/10*G185 -> 0
H186: =SUM(F186:G186) -> 0 | I186: =D186-F186 -> 0 | J186: =1/10*G186 -> 0
B187: Jumlah | D187: =SUM(D9:D186) -> 456870000 | E187: =SUM(E9:E186) -> 57 | F187: =SUM(F9:F186) -> 25280000 | G187: =SUM(G9:G186) -> 5900000 | H187: =SUM(H9:H186) -> 31180000 | I187: =SUM(I9:I186) -> 431590000 | J187: =SUM(J9:J186) -> 590000
B189: Catatan | C189: :
B190: Total jasa | C190: ; Rp | D190: =G187 -> 5900000 | F190: Windusari, 6 Januari 2026
B191: Tiap bagian | C191: ; Rp | D191: =D190/20 -> 295000 | F191: Pengurus KSU "CAHAYA DHAMMA PHALA"
B192: Rincian | C192: ; | F192: Ketua | H192: Bendahara
B193: Japinup | C193: ; Rp | D193: =11*D191 -> 3245000
B194: Dana Sosial | C194: ; Rp | D194: =1/2*D191 -> 147500
B195: Dana Pendidikan | C195: ; Rp | D195: =1/2*D191 -> 147500
B196: Dana CRK | C196: ; Rp | D196: =1/2*D191 -> 147500
B197: Dana Pembangunan | C197: ; Rp | D197: =1/2*D191 -> 147500 | F197: Waridi | H197: Oru Wasaton
B198: SWK | C198: ; Rp | D198: =2*D191 -> 590000
B199: Dana Kesra | C199: ; Rp | D199: =5*D191 -> 1475000
B200: Jumlah | C200: ; Rp | D200: =SUM(D193:D199) -> 5900000

Sheet 13-1-26
A1: KOPERASI SERBA USAHA "CAHAYA DHAMMA PHALA"
A2: Badan Hukum No. 2/BH/XIV.1/II/2016 Tanggal 5 Februari 2016
A3: Dukuh Windusari, Desa Sokaraja, Kec. Pagentan, Kab. Banjarnegara 53455
A5: BUKU ANGSURAN PINJAMAN ANGGOTA
A6: Per 13 Januari 2025
A7: NO. | B7: NAMA | C7: TGL | E7: ANGSURAN PINJAMAN | I7: SISA | J7: SWK
E8: KE | F8: POKOK | G8: JASA | H8: JUMLAH
A9: 1 | B9: Suryadi | C9: 4-4-17 | D9: ='6-1-26'!I9 -> 5500000 | F9: 0 | G9: =SUM(E9:F9) -> 0 | H9: =SUM(F9:G9) -> 0 | I9: =D9-F9 -> 5500000 | J9: =1/10*G9 -> 0
A10: 2 | B10: Waginah | C10: 16-5-17 | D10: ='6-1-26'!I10 -> 1910000 | H10: =SUM(F10:G10) -> 0 | I10: =D10-F10 -> 1910000 | J10: =1/10*G10 -> 0
A11: 3 | B11: Tarmono | C11: 18-8-20 | D11: ='6-1-26'!I11 -> 1750000 | H11: =SUM(F11:G11) -> 0 | I11: =D11-F11 -> 1750000 | J11: =1/10*G11 -> 0
A12: 4 | B12: Juliyah | C12: 2-2-21 | D12: ='6-1-26'!I12 -> 13750000 | H12: =SUM(F12:G12) -> 0 | I12: =D12-F12 -> 13750000 | J12: =1/10*G12 -> 0
A13: 5 | B13: Purwadi | C13: 14-03-21 | D13: ='6-1-26'!I13 -> 19950000 | H13: =SUM(F13:G13) -> 0 | I13: =D13-F13 -> 19950000 | J13: =1/10*G13 -> 0
A14: 6 | B14: Waluyo Ragil | C14: 27-04-21 | D14: ='6-1-26'!I14 -> 100000 | H14: =SUM(F14:G14) -> 0 | I14: =D14-F14 -> 100000 | J14: =1/10*G14 -> 0
A15: 7 | B15: Sapdono | C15: 24-8-23 | D15: ='6-1-26'!I15 -> 10500000 | H15: =SUM(F15:G15) -> 0 | I15: =D15-F15 -> 10500000 | J15: =1/10*G15 -> 0
A16: 8 | B16: Sudarma Widya | C16: 28-09-21 | D16: ='6-1-26'!I16 -> 15310000 | H16: =SUM(F16:G16) -> 0 | I16: =D16-F16 -> 15310000 | J16: =1/10*G16 -> 0
A17: 9 | B17: Rahmadi | C17: 15-2-22 | D17: ='6-1-26'!I17 -> 6500000 | H17: =SUM(F17:G17) -> 0 | I17: =D17-F17 -> 6500000 | J17: =1/10*G17 -> 0
A18: 10 | B18: Ratmi | C18: 8-3-22 | D18: ='6-1-26'!I18 -> 13195000 | H18: =SUM(F18:G18) -> 0 | I18: =D18-F18 -> 13195000 | J18: =1/10*G18 -> 0
A19: 14 | B19: Cipret | C19: 21-6-22 | D19: ='6-1-26'!I19 -> 4000000 | H19: =SUM(F19:G19) -> 0 | I19: =D19-F19 -> 4000000 | J19: =1/10*G19 -> 0
A20: 18 | B20: Ika Kurniasih | C20: 03-1-22 | D20: ='6-1-26'!I20 -> 42000000 | H20: =SUM(F20:G20) -> 0 | I20: =D20-F20 -> 42000000 | J20: =1/10*G20 -> 0
A21: 19 | B21: Kamto | C21: 28-2-23 | D21: ='6-1-26'!I21 -> 12680000 | H21: =SUM(F21:G21) -> 0 | I21: =D21-F21 -> 12680000 | J21: =1/10*G21 -> 0
... A27: 29 | B27: Suharjanto | C27: 11/7/23 | D27: ='6-1-26'!I27 -> 1030000 | H27: =SUM(F27:G27) -> 0 | I27: =D27-F27 -> 1030000 | J27: =1/10*G27 -> 0
A28: 30 | B28: Saliyah | C28: 18/7/23 | D28: ='6-1-26'!I28 -> 1500000 | E28: 14 | F28: 1500000 | G28: 500000 | H28: =SUM(F28:G28) -> 2000000 | I28: =D28-F28 -> 0 | J28: =1/10*G28 -> 50000
A29: 31 | B29: Suminah | C29: 26-9-23 | D29: ='6-1-26'!I29 -> 0 | H29: =SUM(F29:G29) -> 0 | I29: =D29-F29 -> 0 | J29: =1/10*G29 -> 0
A30: 33 | B30: Leni | C30: 10-10-23 | D30: ='6-1-26'!I30 -> 2750000 | H30: =SUM(F30:G30) -> 0 | I30: =D30-F30 -> 2750000 | J30: =1/10*G30 -> 0
A31: 34 | B31: Kasmi Purwadi | C31: 24-10-23 | D31: ='6-1-26'!I31 -> 1500000 | E31: 15 | F31: 250000 | G31: 100000 | H31: =SUM(F31:G31) -> 350000 | I31: =D31-F31 -> 1250000 | J31: =1/10*G31 -> 10000
A32: 35 | B32: Gini Wanto | C32: 24-10-23 | D32: ='6-1-26'!I32 -> 12000000 | H32: =SUM(F32:G32) -> 0 | I32: =D32-F32 -> 12000000 | J32: =1/10*G32 -> 0
A33: 41 | B33: Kami | C33: 9/1/24 | D33: ='6-1-26'!I33 -> 750000 | H33: =SUM(F33:G33) -> 0 | I33: =D33-F33 -> 750000 | J33: =1/10*G33 -> 0
A34: 43 | B34: Wahyuni | C34: 30/1/24 | D34: ='6-1-26'!I34 -> 2800000 | H34: =SUM(F34:G34) -> 0 | I34: =D34-F34 -> 2800000 | J34: =1/10*G34 -> 0
A35: 44 | B35: Karsih | C35: 30/1/24 | D35: ='6-1-26'!I35 -> 3500000 | H35: =SUM(F35:G35) -> 0 | I35: =D35-F35 -> 3500000 | J35: =1/10*G35 -> 0
A36: 47 | B36: Painten Darwito | C36: 16/2/24 | D36: ='6-1-26'!I36 -> 12000000 | H36: =SUM(F36:G36) -> 0 | I36: =D36-F36 -> 12000000 | J36: =1/10*G36 -> 0
A37: 49 | B37: Karni | C37: 2/4/24 | D37: ='6-1-26'!I37 -> 1250000 | H37: =SUM(F37:G37) -> 0 | I37: =D37-F37 -> 1250000 | J37: =1/10*G37 -> 0
A38: 52 | B38: Siyo Dwiroso | C38: 16/4/24 | D38: ='6-1-26'!I38 -> 5800000 | H38: =SUM(F38:G38) -> 0 | I38: =D38-F38 -> 5800000 | J38: =1/10*G38 -> 0
A39: 60 | B39: Purwati | C39: 4/6/24 | D39: ='6-1-26'!I39 -> 14320000 | H39: =SUM(F39:G39) -> 0 | I39: =D39-F39 -> 14320000 | J39: =1/10*G39 -> 0
A40: 62 | B40: Tarsini | C40: 02/07/24 | D40: ='6-1-26'!I40 -> 400000 | H40: =SUM(F40:G40) -> 0 | I40: =D40-F40 -> 400000 | J40: =1/10*G40 -> 0
A41: 64 | B41: Santosa | C41: 09/07/24 | D41: ='6-1-26'!I41 -> 2100000 | E41: 12 | F41: 300000 | G41: 120000 | H41: =SUM(F41:G41) -> 420000 | I41: =D41-F41 -> 1800000 | J41: =1/10*G41 -> 12000
A42: 65 | B42: Priyono | C42: 16/07/24 | D42: ='6-1-26'!I42 -> 1500000 | E42: 11 | F42: 300000 | G42: 120000 | H42: =SUM(F42:G42) -> 420000 | I42: =D42-F42 -> 1200000 | J42: =1/10*G42 -> 12000
A43: 69 | B43: Karyono | C43: 30/07/24 | D43: ='6-1-26'!I43 -> 6000000 | H43: =SUM(F43:G43) -> 0 | I43: =D43-F43 -> 6000000 | J43: =1/10*G43 -> 0
A44: 70 | B44: Dwiyanto | C44: 06/08/24 | D44: ='6-1-26'!I44 -> 11000000 | E44: 2 | F44: 680000 | G44: 320000 | H44: =SUM(F44:G44) -> 1000000 | I44: =D44-F44 -> 10320000 | J44: =1/10*G44 -> 32000
A45: 71 | B45: Utami | C45: 20/08/24 | D45: ='6-1-26'!I45 -> 11250000 | H45: =SUM(F45:G45) -> 0 | I45: =D45-F45 -> 11250000 | J45: =1/10*G45 -> 0
A46: 73 | B46: Karjono | C46: 10/09/24 | D46: ='6-1-26'!I46 -> 750000 | E46: 16 | F46: 150000 | G46: 60000 | H46: =SUM(F46:G46) -> 210000 | I46: =D46-F46 -> 600000 | J46: =1/10*G46 -> 6000
A47: 76 | B47: Kuswono Katam | C47: 05/11/24 | D47: ='6-1-26'!I47 -> 9900000 | E47: 8 | F47: 300000 | G47: 240000 | H47: =SUM(F47:G47) -> 540000 | I47: =D47-F47 -> 9600000 | J47: =1/10*G47 -> 24000
A48: 77 | B48: Sarijem | C48: 05/11/24 | D48: ='6-1-26'!I48 -> 1200000 | H48: =SUM(F48:G48) -> 0 | I48: =D48-F48 -> 1200000 | J48: =1/10*G48 -> 0
A49: 80 | B49: Nisem | C49: 03/12/24 | D49: ='6-1-26'!I49 -> 9900000 | H49: =SUM(F49:G49) -> 0 | I49: =D49-F49 -> 9900000 | J49: =1/10*G49 -> 0
A50: 82 | B50: Saroji | C50: 17/12/24 | D50: ='6-1-26'!I50 -> 0 | H50: =SUM(F50:G50) -> 0 | I50: =D50-F50 -> 0 | J50: =1/10*G50 -> 0
A51: 86 | B51: Minardi | C51: 21/1/25 | D51: ='6-1-26'!I51 -> 16400000 | H51: =SUM(F51:G51) -> 0 | I51: =D51-F51 -> 16400000 | J51: =1/10*G51 -> 0
A52: 87 | B52: Kuat Siti Kirana | C52: 28/1/25 | D52: ='6-1-26'!I52 -> 25400000 | H52: =SUM(F52:G52) -> 0 | I52: =D52-F52 -> 25400000 | J52: =1/10*G52 -> 0
A53: 89 | B53: Vijja Ratano | C53: 18/2/25 | D53: ='6-1-26'!I53 -> 100000 | H53: =SUM(F53:G53) -> 0 | I53: =D53-F53 -> 100000 | J53: =1/10*G53 -> 0
A54: 91 | B54: Suroto | C54: 18/2/25 | D54: ='6-1-26'!I54 -> 5000000 | H54: =SUM(F54:G54) -> 0 | I54: =D54-F54 -> 5000000 | J54: =1/10*G54 -> 0
A55: 92 | B55: Sono | C55: 25/2/25 | D55: ='6-1-26'!I55 -> 7460000 | H55: =SUM(F55:G55) -> 0 | I55: =D55-F55 -> 7460000 | J55: =1/10*G55 -> 0
A56: 93 | B56: Metta Candra D. | C56: 25/2/25 | D56: ='6-1-26'!I56 -> 600000 | H56: =SUM(F56:G56) -> 0 | I56: =D56-F56 -> 600000 | J56: =1/10*G56 -> 0
A57: 94 | B57: Mislam | C57: 25/2/25 | D57: ='6-1-26'!I57 -> 20000000 | H57: =SUM(F57:G57) -> 0 | I57: =D57-F57 -> 20000000 | J57: =1/10*G57 -> 0
A58: 98 | B58: Lewih | C58: 25/3/25 | D58: ='6-1-26'!I58 -> 1985000 | H58: =SUM(F58:G58) -> 0 | I58: =D58-F58 -> 1985000 | J58: =1/10*G58 -> 0
A59: 101 | B59: Rusmini Bolot | C59: 8/4/25 | D59: ='6-1-26'!I59 -> 450000 | E59: 7 | F59: 450000 | G59: 200000 | H59: =SUM(F59:G59) -> 650000 | I59: =D59-F59 -> 0 | J59: =1/10*G59 -> 20000
A60: 103 | B60: Kadi | C60: 15/4/25 | D60: ='6-1-26'!I60 -> 3500000 | E60: 7 | F60: 250000 | G60: 100000 | H60: =SUM(F60:G60) -> 350000 | I60: =D60-F60 -> 3250000 | J60: =1/10*G60 -> 10000
A61: 106 | B61: Marsito | C61: 27-5-25 | D61: ='6-1-26'!I61 -> 230000 | H61: =SUM(F61:G61) -> 0 | I61: =D61-F61 -> 230000 | J61: =1/10*G61 -> 0
A62: 108 | B62: Darwito | C62: 10-6-25 | D62: ='6-1-26'!I62 -> 1000000 | H62: =SUM(F62:G62) -> 0 | I62: =D62-F62 -> 1000000 | J62: =1/10*G62 -> 0
A63: 110 | B63: Manis | C63: 15r-7-25 | D63: ='6-1-26'!I63 -> 700000 | H63: =SUM(F63:G63) -> 0 | I63: =D63-F63 -> 700000 | J63: =1/10*G63 -> 0
A64: 111 | B64: Turyanto Madiono | C64: 12-8-25 | D64: ='6-1-26'!I64 -> 1500000 | H64: =SUM(F64:G64) -> 0 | I64: =D64-F64 -> 1500000 | J64: =1/10*G64 -> 0
A65: 112 | B65: Aniah Marsih | C65: 26/9/25 | D65: ='6-1-26'!I65 -> 6570000 | H65: =SUM(F65:G65) -> 0 | I65: =D65-F65 -> 6570000 | J65: =1/10*G65 -> 0
A66: 113 | B66: Ranem | C66: 26/9/25 | D66: ='6-1-26'!I66 -> 250000 | H66: =SUM(F66:G66) -> 0 | I66: =D66-F66 -> 250000 | J66: =1/10*G66 -> 0
A67: 117 | B67: Tato | C67: 18/11/25 | D67: ='6-1-26'!I67 -> 52000000 | H67: =SUM(F67:G67) -> 0 | I67: =D67-F67 -> 52000000 | J67: =1/10*G67 -> 0
J68: =1/10*G68 -> 0
J69: =1/10*G69 -> 0
J70: =1/10*G70 -> 0
J71: =1/10*G71 -> 0
J72: =1/10*G72 -> 0
J73: =1/10*G73 -> 0
J74: =1/10*G74 -> 0
J75: =1/10*G75 -> 0
J76: =1/10*G76 -> 0
J77: =1/10*G77 -> 0
J78: =1/10*G78 -> 0
J79: =1/10*G79 -> 0
... J185: =1/10*G185 -> 0
H186: =SUM(F186:G186) -> 0 | I186: =D186-F186 -> 0 | J186: =1/10*G186 -> 0
B187: Jumlah | D187: =SUM(D9:D186) -> 431590000 | E187: =SUM(E9:E186) -> 92 | F187: =SUM(F9:F186) -> 4180000 | G187: =SUM(G9:G186) -> 1760000 | H187: =SUM(H9:H186) -> 5940000 | I187: =SUM(I9:I186) -> 427410000 | J187: =SUM(J9:J186) -> 176000
B189: Catatan | C189: :
B190: Total jasa | C190: ; Rp | D190: =G187 -> 1760000 | F190: Windusari, 13 Januari 2026
B191: Tiap bagian | C191: ; Rp | D191: =D190/20 -> 88000 | F191: Pengurus KSU "CAHAYA DHAMMA PHALA"
B192: Rincian | C192: ; | F192: Ketua | H192: Bendahara
B193: Japinup | C193: ; Rp | D193: =11*D191 -> 968000
B194: Dana Sosial | C194: ; Rp | D194: =1/2*D191 -> 44000
B195: Dana Pendidikan | C195: ; Rp | D195: =1/2*D191 -> 44000
B196: Dana CRK | C196: ; Rp | D196: =1/2*D191 -> 44000
B197: Dana Pembangunan | C197: ; Rp | D197: =1/2*D191 -> 44000 | F197: Waridi | H197: Oru Wasaton
B198: SWK | C198: ; Rp | D198: =2*D191 -> 176000
B199: Dana Kesra | C199: ; Rp | D199: =5*D191 -> 440000
B200: Jumlah | C200: ; Rp | D200: =SUM(D193:D199) -> 1760000

Sheet 20-1-26
A1: KOPERASI SERBA USAHA "CAHAYA DHAMMA PHALA"
A2: Badan Hukum No. 2/BH/XIV.1/II/2016 Tanggal 5 Februari 2016
A3: Dukuh Windusari, Desa Sokaraja, Kec. Pagentan, Kab. Banjarnegara 53455
A5: BUKU ANGSURAN PINJAMAN ANGGOTA
A6: Per 20 Januari 2025
A7: NO. | B7: NAMA | C7: TGL | E7: ANGSURAN PINJAMAN | I7: SISA | J7: SWK
E8: KE | F8: POKOK | G8: JASA | H8: JUMLAH
A9: 1 | B9: Suryadi | C9: 4-4-17 | D9: ='13-1-26'!I9 -> 5500000 | F9: 0 | G9: =SUM(E9:F9) -> 0 | H9: =SUM(F9:G9) -> 0 | I9: =D9-F9 -> 5500000 | J9: =1/10*G9 -> 0
A10: 2 | B10: Waginah | C10: 16-5-17 | D10: ='13-1-26'!I10 -> 1910000 | H10: =SUM(F10:G10) -> 0 | I10: =D10-F10 -> 1910000 | J10: =1/10*G10 -> 0
A11: 3 | B11: Tarmono | C11: 18-8-20 | D11: ='13-1-26'!I11 -> 1750000 | H11: =SUM(F11:G11) -> 0 | I11: =D11-F11 -> 1750000 | J11: =1/10*G11 -> 0
A12: 4 | B12: Juliyah | C12: 2-2-21 | D12: ='13-1-26'!I12 -> 13750000 | H12: =SUM(F12:G12) -> 0 | I12: =D12-F12 -> 13750000 | J12: =1/10*G12 -> 0
A13: 5 | B13: Purwadi | C13: 14-03-21 | D13: ='13-1-26'!I13 -> 19950000 | H13: =SUM(F13:G13) -> 0 | I13: =D13-F13 -> 19950000 | J13: =1/10*G13 -> 0
A14: 6 | B14: Waluyo Ragil | C14: 27-04-21 | D14: ='13-1-26'!I14 -> 100000 | H14: =SUM(F14:G14) -> 0 | I14: =D14-F14 -> 100000 | J14: =1/10*G14 -> 0
A15: 7 | B15: Sapdono | C15: 24-8-23 | D15: ='13-1-26'!I15 -> 10500000 | H15: =SUM(F15:G15) -> 0 | I15: =D15-F15 -> 10500000 | J15: =1/10*G15 -> 0
A16: 8 | B16: Sudarma Widya | C16: 28-09-21 | D16: ='13-1-26'!I16 -> 15310000 | H16: =SUM(F16:G16) -> 0 | I16: =D16-F16 -> 15310000 | J16: =1/10*G16 -> 0
A17: 9 | B17: Rahmadi | C17: 15-2-22 | D17: ='13-1-26'!I17 -> 6500000 | H17: =SUM(F17:G17) -> 0 | I17: =D17-F17 -> 6500000 | J17: =1/10*G17 -> 0
A18: 10 | B18: Ratmi | C18: 8-3-22 | D18: ='13-1-26'!I18 -> 13195000 | H18: =SUM(F18:G18) -> 0 | I18: =D18-F18 -> 13195000 | J18: =1/10*G18 -> 0
A19: 14 | B19: Cipret | C19: 21-6-22 | D19: ='13-1-26'!I19 -> 4000000 | H19: =SUM(F19:G19) -> 0 | I19: =D19-F19 -> 4000000 | J19: =1/10*G19 -> 0
A20: 18 | B20: Ika Kurniasih | C20: 03-1-22 | D20: ='13-1-26'!I20 -> 42000000 | H20: =SUM(F20:G20) -> 0 | I20: =D20-F20 -> 42000000 | J20: =1/10*G20 -> 0
A21: 19 | B21: Kamto | C21: 28-2-23 | D21: ='13-1-26'!I21 -> 12680000 | H21: =SUM(F21:G21) -> 0 | I21: =D21-F21 -> 12680000 | J21: =1/10*G21 -> 0
... A57: 94 | B57: Mislam | C57: 25/2/25 | D57: ='13-1-26'!I57 -> 20000000 | H57: =SUM(F57:G57) -> 0 | I57: =D57-F57 -> 20000000 | J57: =1/10*G57 -> 0
A58: 98 | B58: Lewih | C58: 25/3/25 | D58: ='13-1-26'!I58 -> 1985000 | E58: 10 | F58: 335000 | G58: 100000 | H58: =SUM(F58:G58) -> 435000 | I58: =D58-F58 -> 1650000 | J58: =1/10*G58 -> 10000
A59: 101 | B59: Rusmini Bolot | C59: 8/4/25 | D59: ='13-1-26'!I59 -> 0 | H59: =SUM(F59:G59) -> 0 | I59: =D59-F59 -> 0 | J59: =1/10*G59 -> 0
A60: 103 | B60: Kadi | C60: 15/4/25 | D60: ='13-1-26'!I60 -> 3250000 | H60: =SUM(F60:G60) -> 0 | I60: =D60-F60 -> 3250000 | J60: =1/10*G60 -> 0
A61: 106 | B61: Marsito | C61: 27-5-25 | D61: ='13-1-26'!I61 -> 230000 | H61: =SUM(F61:G61) -> 0 | I61: =D61-F61 -> 230000 | J61: =1/10*G61 -> 0
A62: 108 | B62: Darwito | C62: 10-6-25 | D62: ='13-1-26'!I62 -> 1000000 | E62: 6 | F62: 1000000 | G62: 120000 | H62: =SUM(F62:G62) -> 1120000 | I62: =D62-F62 -> 0 | J62: =1/10*G62 -> 12000
A63: 110 | B63: Manis | C63: 15r-7-25 | D63: ='13-1-26'!I63 -> 700000 | H63: =SUM(F63:G63) -> 0 | I63: =D63-F63 -> 700000 | J63: =1/10*G63 -> 0
A64: 111 | B64: Turyanto Madiono | C64: 12-8-25 | D64: ='13-1-26'!I64 -> 1500000 | H64: =SUM(F64:G64) -> 0 | I64: =D64-F64 -> 1500000 | J64: =1/10*G64 -> 0
A65: 112 | B65: Aniah Marsih | C65: 26/9/25 | D65: ='13-1-26'!I65 -> 6570000 | H65: =SUM(F65:G65) -> 0 | I65: =D65-F65 -> 6570000 | J65: =1/10*G65 -> 0
A66: 113 | B66: Ranem | C66: 26/9/25 | D66: ='13-1-26'!I66 -> 250000 | H66: =SUM(F66:G66) -> 0 | I66: =D66-F66 -> 250000 | J66: =1/10*G66 -> 0
A67: 117 | B67: Tato | C67: 18/11/25 | D67: ='13-1-26'!I67 -> 52000000 | E67: 1 | F67: 52000000 | G67: 2080000 | H67: =SUM(F67:G67) -> 54080000 | I67: =D67-F67 -> 0 | J67: =1/10*G67 -> 208000
J68: =1/10*G68 -> 0
J69: =1/10*G69 -> 0
J70: =1/10*G70 -> 0
J71: =1/10*G71 -> 0
J72: =1/10*G72 -> 0
J73: =1/10*G73 -> 0
J74: =1/10*G74 -> 0
J75: =1/10*G75 -> 0
J76: =1/10*G76 -> 0
J77: =1/10*G77 -> 0
J78: =1/10*G78 -> 0
J79: =1/10*G79 -> 0
... J185: =1/10*G185 -> 0
H186: =SUM(F186:G186) -> 0 | I186: =D186-F186 -> 0 | J186: =1/10*G186 -> 0
B187: Jumlah | D187: =SUM(D9:D186) -> 427410000 | E187: =SUM(E9:E186) -> 17 | F187: =SUM(F9:F186) -> 53335000 | G187: =SUM(G9:G186) -> 2300000 | H187: =SUM(H9:H186) -> 55635000 | I187: =SUM(I9:I186) -> 374075000 | J187: =SUM(J9:J186) -> 230000
B189: Catatan | C189: :
B190: Total jasa | C190: ; Rp | D190: =G187 -> 2300000 | F190: Windusari, 20 Januari 2026
B191: Tiap bagian | C191: ; Rp | D191: =D190/20 -> 115000 | F191: Pengurus KSU "CAHAYA DHAMMA PHALA"
B192: Rincian | C192: ; | F192: Ketua | H192: Bendahara
B193: Japinup | C193: ; Rp | D193: =11*D191 -> 1265000
B194: Dana Sosial | C194: ; Rp | D194: =1/2*D191 -> 57500
B195: Dana Pendidikan | C195: ; Rp | D195: =1/2*D191 -> 57500
B196: Dana CRK | C196: ; Rp | D196: =1/2*D191 -> 57500
B197: Dana Pembangunan | C197: ; Rp | D197: =1/2*D191 -> 57500 | F197: Waridi | H197: Oru Wasaton
B198: SWK | C198: ; Rp | D198: =2*D191 -> 230000
B199: Dana Kesra | C199: ; Rp | D199: =5*D191 -> 575000
B200: Jumlah | C200: ; Rp | D200: =SUM(D193:D199) -> 2300000

Sheet 27-1-26
A1: KOPERASI SERBA USAHA "CAHAYA DHAMMA PHALA"
A2: Badan Hukum No. 2/BH/XIV.1/II/2016 Tanggal 5 Februari 2016
A3: Dukuh Windusari, Desa Sokaraja, Kec. Pagentan, Kab. Banjarnegara 53455
A5: BUKU ANGSURAN PINJAMAN ANGGOTA
A6: Per 27 Januari 2026
A7: NO. | B7: NAMA | C7: TGL | E7: ANGSURAN PINJAMAN | I7: SISA | J7: SWK
E8: KE | F8: POKOK | G8: JASA | H8: JUMLAH
A9: 1 | B9: Suryadi | C9: 4-4-17 | D9: ='20-1-26'!I9 -> 5500000 | F9: 0 | G9: =SUM(E9:F9) -> 0 | H9: =SUM(F9:G9) -> 0 | I9: =D9-F9 -> 5500000 | J9: =1/10*G9 -> 0
A10: 2 | B10: Waginah | C10: 16-5-17 | D10: ='20-1-26'!I10 -> 1910000 | H10: =SUM(F10:G10) -> 0 | I10: =D10-F10 -> 1910000 | J10: =1/10*G10 -> 0
A11: 3 | B11: Tarmono | C11: 18-8-20 | D11: ='20-1-26'!I11 -> 1750000 | H11: =SUM(F11:G11) -> 0 | I11: =D11-F11 -> 1750000 | J11: =1/10*G11 -> 0
A12: 4 | B12: Juliyah | C12: 2-2-21 | D12: ='20-1-26'!I12 -> 13750000 | H12: =SUM(F12:G12) -> 0 | I12: =D12-F12 -> 13750000 | J12: =1/10*G12 -> 0
A13: 5 | B13: Purwadi | C13: 14-03-21 | D13: ='20-1-26'!I13 -> 19950000 | H13: =SUM(F13:G13) -> 0 | I13: =D13-F13 -> 19950000 | J13: =1/10*G13 -> 0
A14: 6 | B14: Waluyo Ragil | C14: 27-04-21 | D14: ='20-1-26'!I14 -> 100000 | H14: =SUM(F14:G14) -> 0 | I14: =D14-F14 -> 100000 | J14: =1/10*G14 -> 0
A15: 7 | B15: Sapdono | C15: 24-8-23 | D15: ='20-1-26'!I15 -> 10500000 | H15: =SUM(F15:G15) -> 0 | I15: =D15-F15 -> 10500000 | J15: =1/10*G15 -> 0
A16: 8 | B16: Sudarma Widya | C16: 28-09-21 | D16: ='20-1-26'!I16 -> 15310000 | H16: =SUM(F16:G16) -> 0 | I16: =D16-F16 -> 15310000 | J16: =1/10*G16 -> 0
A17: 9 | B17: Rahmadi | C17: 15-2-22 | D17: ='20-1-26'!I17 -> 6500000 | H17: =SUM(F17:G17) -> 0 | I17: =D17-F17 -> 6500000 | J17: =1/10*G17 -> 0
A18: 10 | B18: Ratmi | C18: 8-3-22 | D18: ='20-1-26'!I18 -> 13195000 | E18: 10 | F18: 600000 | G18: 400000 | H18: =SUM(F18:G18) -> 1000000 | I18: =D18-F18 -> 12595000 | J18: =1/10*G18 -> 40000
A19: 14 | B19: Cipret | C19: 21-6-22 | D19: ='20-1-26'!I19 -> 4000000 | H19: =SUM(F19:G19) -> 0 | I19: =D19-F19 -> 4000000 | J19: =1/10*G19 -> 0
A20: 18 | B20: Ika Kurniasih | C20: 03-1-22 | D20: ='20-1-26'!I20 -> 42000000 | H20: =SUM(F20:G20) -> 0 | I20: =D20-F20 -> 42000000 | J20: =1/10*G20 -> 0
A21: 19 | B21: Kamto | C21: 28-2-23 | D21: ='20-1-26'!I21 -> 12680000 | H21: =SUM(F21:G21) -> 0 | I21: =D21-F21 -> 12680000 | J21: =1/10*G21 -> 0
A22: 22 | B22: Handi Cahyono | C22: 04-04-23 | D22: ='20-1-26'!I22 -> 0 | H22: =SUM(F22:G22) -> 0 | I22: =D22-F22 -> 0 | J22: =1/10*G22 -> 0
A23: 23 | B23: Hartati | C23: 04-04-23 | D23: ='20-1-26'!I23 -> 1500000 | H23: =SUM(F23:G23) -> 0 | I23: =D23-F23 -> 1500000 | J23: =1/10*G23 -> 0
A24: 24 | B24: Sartiyah | C24: 04-04-23 | D24: ='20-1-26'!I24 -> 600000 | H24: =SUM(F24:G24) -> 0 | I24: =D24-F24 -> 600000 | J24: =1/10*G24 -> 0
A25: 25 | B25: Dwi Vijjayanti | C25: 11-04-23 | D25: ='20-1-26'!I25 -> 22200000 | H25: =SUM(F25:G25) -> 0 | I25: =D25-F25 -> 22200000 | J25: =1/10*G25 -> 0
A26: 26 | B26: Marsinem | C26: 2-5-23 | D26: ='20-1-26'!I26 -> 3800000 | H26: =SUM(F26:G26) -> 0 | I26: =D26-F26 -> 3800000 | J26: =1/10*G26 -> 0
A27: 29 | B27: Suharjanto | C27: 11/7/23 | D27: ='20-1-26'!I27 -> 1030000 | H27: =SUM(F27:G27) -> 0 | I27: =D27-F27 -> 1030000 | J27: =1/10*G27 -> 0
A28: 30 | B28: Saliyah | C28: 18/7/23 | D28: ='20-1-26'!I28 -> 0 | H28: =SUM(F28:G28) -> 0 | I28: =D28-F28 -> 0 | J28: =1/10*G28 -> 0
A29: 31 | B29: Suminah | C29: 26-9-23 | D29: ='20-1-26'!I29 -> 0 | H29: =SUM(F29:G29) -> 0 | I29: =D29-F29 -> 0 | J29: =1/10*G29 -> 0
A30: 33 | B30: Leni | C30: 10-10-23 | D30: ='20-1-26'!I30 -> 2750000 | H30: =SUM(F30:G30) -> 0 | I30: =D30-F30 -> 2750000 | J30: =1/10*G30 -> 0
... A50: 82 | B50: Saroji | C50: 17/12/24 | D50: ='20-1-26'!I50 -> 0 | H50: =SUM(F50:G50) -> 0 | I50: =D50-F50 -> 0 | J50: =1/10*G50 -> 0
A51: 86 | B51: Minardi | C51: 21/1/25 | D51: ='20-1-26'!I51 -> 16400000 | G51: 400000 | H51: =SUM(F51:G51) -> 400000 | I51: =D51-F51 -> 16400000 | J51: =1/10*G51 -> 40000
A52: 87 | B52: Kuat Siti Kirana | C52: 28/1/25 | D52: ='20-1-26'!I52 -> 25400000 | H52: =SUM(F52:G52) -> 0 | I52: =D52-F52 -> 25400000 | J52: =1/10*G52 -> 0
A53: 89 | B53: Vijja Ratano | C53: 18/2/25 | D53: ='20-1-26'!I53 -> 100000 | H53: =SUM(F53:G53) -> 0 | I53: =D53-F53 -> 100000 | J53: =1/10*G53 -> 0
A54: 91 | B54: Suroto | C54: 18/2/25 | D54: ='20-1-26'!I54 -> 5000000 | E54: 2 | F54: 200000 | G54: 100000 | H54: =SUM(F54:G54) -> 300000 | I54: =D54-F54 -> 4800000 | J54: =1/10*G54 -> 10000
A55: 92 | B55: Sono | C55: 25/2/25 | D55: ='20-1-26'!I55 -> 7460000 | H55: =SUM(F55:G55) -> 0 | I55: =D55-F55 -> 7460000 | J55: =1/10*G55 -> 0
A56: 93 | B56: Metta Candra D. | C56: 25/2/25 | D56: ='20-1-26'!I56 -> 600000 | H56: =SUM(F56:G56) -> 0 | I56: =D56-F56 -> 600000 | J56: =1/10*G56 -> 0
A57: 94 | B57: Mislam | C57: 25/2/25 | D57: ='20-1-26'!I57 -> 20000000 | H57: =SUM(F57:G57) -> 0 | I57: =D57-F57 -> 20000000 | J57: =1/10*G57 -> 0
A58: 98 | B58: Lewih | C58: 25/3/25 | D58: ='20-1-26'!I58 -> 1650000 | H58: =SUM(F58:G58) -> 0 | I58: =D58-F58 -> 1650000 | J58: =1/10*G58 -> 0
A59: 101 | B59: Rusmini Bolot | C59: 8/4/25 | D59: ='20-1-26'!I59 -> 0 | H59: =SUM(F59:G59) -> 0 | I59: =D59-F59 -> 0 | J59: =1/10*G59 -> 0
A60: 103 | B60: Kadi | C60: 15/4/25 | D60: ='20-1-26'!I60 -> 3250000 | H60: =SUM(F60:G60) -> 0 | I60: =D60-F60 -> 3250000 | J60: =1/10*G60 -> 0
A61: 106 | B61: Marsito | C61: 27-5-25 | D61: ='20-1-26'!I61 -> 230000 | H61: =SUM(F61:G61) -> 0 | I61: =D61-F61 -> 230000 | J61: =1/10*G61 -> 0
A62: 108 | B62: Darwito | C62: 10-6-25 | D62: ='20-1-26'!I62 -> 0 | H62: =SUM(F62:G62) -> 0 | I62: =D62-F62 -> 0 | J62: =1/10*G62 -> 0
A63: 110 | B63: Manis | C63: 15r-7-25 | D63: ='20-1-26'!I63 -> 700000 | E63: 4 | F63: 100000 | G63: 20000 | H63: =SUM(F63:G63) -> 120000 | I63: =D63-F63 -> 600000 | J63: =1/10*G63 -> 2000
A64: 111 | B64: Turyanto Madiono | C64: 12-8-25 | D64: ='20-1-26'!I64 -> 1500000 | H64: =SUM(F64:G64) -> 0 | I64: =D64-F64 -> 1500000 | J64: =1/10*G64 -> 0
A65: 112 | B65: Aniah Marsih | C65: 26/9/25 | D65: ='20-1-26'!I65 -> 6570000 | H65: =SUM(F65:G65) -> 0 | I65: =D65-F65 -> 6570000 | J65: =1/10*G65 -> 0
A66: 113 | B66: Ranem | C66: 26/9/25 | D66: ='20-1-26'!I66 -> 250000 | H66: =SUM(F66:G66) -> 0 | I66: =D66-F66 -> 250000 | J66: =1/10*G66 -> 0
A67: 117 | B67: Tato | C67: 18/11/25 | D67: ='20-1-26'!I67 -> 0 | H67: =SUM(F67:G67) -> 0 | I67: =D67-F67 -> 0 | J67: =1/10*G67 -> 0
H68: =SUM(F68:G68) -> 0 | J68: =1/10*G68 -> 0
H69: =SUM(F69:G69) -> 0 | J69: =1/10*G69 -> 0
H70: =SUM(F70:G70) -> 0 | J70: =1/10*G70 -> 0
H71: =SUM(F71:G71) -> 0 | J71: =1/10*G71 -> 0
H72: =SUM(F72:G72) -> 0 | J72: =1/10*G72 -> 0
H73: =SUM(F73:G73) -> 0 | J73: =1/10*G73 -> 0
H74: =SUM(F74:G74) -> 0 | J74: =1/10*G74 -> 0
H75: =SUM(F75:G75) -> 0 | J75: =1/10*G75 -> 0
H76: =SUM(F76:G76) -> 0 | J76: =1/10*G76 -> 0
H77: =SUM(F77:G77) -> 0 | J77: =1/10*G77 -> 0
H78: =SUM(F78:G78) -> 0 | J78: =1/10*G78 -> 0
H79: =SUM(F79:G79) -> 0 | J79: =1/10*G79 -> 0
... H185: =SUM(F185:G185) -> 0 | J185: =1/10*G185 -> 0
H186: =SUM(F186:G186) -> 0 | I186: =D186-F186 -> 0 | J186: =1/10*G186 -> 0
B187: Jumlah | D187: =SUM(D9:D186) -> 374075000 | E187: =SUM(E9:E186) -> 16 | F187: =SUM(F9:F186) -> 900000 | G187: =SUM(G9:G186) -> 920000 | H187: =SUM(H9:H186) -> 1820000 | I187: =SUM(I9:I186) -> 373175000 | J187: =SUM(J9:J186) -> 92000
B189: Catatan | C189: :
B190: Total jasa | C190: ; Rp | D190: =G187 -> 920000 | F190: Windusari, 20 Januari 2026
B191: Tiap bagian | C191: ; Rp | D191: =D190/20 -> 46000 | F191: Pengurus KSU "CAHAYA DHAMMA PHALA"
B192: Rincian | C192: ; | F192: Ketua | H192: Bendahara
B193: Japinup | C193: ; Rp | D193: =11*D191 -> 506000
B194: Dana Sosial | C194: ; Rp | D194: =1/2*D191 -> 23000
B195: Dana Pendidikan | C195: ; Rp | D195: =1/2*D191 -> 23000
B196: Dana CRK | C196: ; Rp | D196: =1/2*D191 -> 23000
B197: Dana Pembangunan | C197: ; Rp | D197: =1/2*D191 -> 23000 | F197: Waridi | H197: Oru Wasaton
B198: SWK | C198: ; Rp | D198: =2*D191 -> 92000
B199: Dana Kesra | C199: ; Rp | D199: =5*D191 -> 230000
B200: Jumlah | C200: ; Rp | D200: =SUM(D193:D199) -> 920000

Sheet 3-2-26
A1: KOPERASI SERBA USAHA "CAHAYA DHAMMA PHALA"
A2: Badan Hukum No. 2/BH/XIV.1/II/2016 Tanggal 5 Februari 2016
A3: Dukuh Windusari, Desa Sokaraja, Kec. Pagentan, Kab. Banjarnegara 53455
A5: BUKU ANGSURAN PINJAMAN ANGGOTA
A6: Per 3 Februari 2026
A7: NO. | B7: NAMA | C7: TGL | E7: ANGSURAN PINJAMAN | I7: SISA | J7: SWK
E8: KE | F8: POKOK | G8: JASA | H8: JUMLAH
A9: 1 | B9: Suryadi | C9: 4-4-17 | D9: ='27-1-26'!I9 -> 5500000 | F9: 0 | G9: =SUM(E9:F9) -> 0 | H9: =SUM(F9:G9) -> 0 | I9: =D9-F9 -> 5500000 | J9: =1/10*G9 -> 0
A10: 2 | B10: Waginah | C10: 16-5-17 | D10: ='27-1-26'!I10 -> 1910000 | H10: =SUM(F10:G10) -> 0 | I10: =D10-F10 -> 1910000 | J10: =1/10*G10 -> 0
A11: 3 | B11: Tarmono | C11: 18-8-20 | D11: ='27-1-26'!I11 -> 1750000 | H11: =SUM(F11:G11) -> 0 | I11: =D11-F11 -> 1750000 | J11: =1/10*G11 -> 0
A12: 4 | B12: Juliyah | C12: 2-2-21 | D12: ='27-1-26'!I12 -> 13750000 | H12: =SUM(F12:G12) -> 0 | I12: =D12-F12 -> 13750000 | J12: =1/10*G12 -> 0
A13: 5 | B13: Purwadi | C13: 14-03-21 | D13: ='27-1-26'!I13 -> 19950000 | H13: =SUM(F13:G13) -> 0 | I13: =D13-F13 -> 19950000 | J13: =1/10*G13 -> 0
A14: 6 | B14: Waluyo Ragil | C14: 27-04-21 | D14: ='27-1-26'!I14 -> 100000 | H14: =SUM(F14:G14) -> 0 | I14: =D14-F14 -> 100000 | J14: =1/10*G14 -> 0
A15: 7 | B15: Sapdono | C15: 24-8-23 | D15: ='27-1-26'!I15 -> 10500000 | H15: =SUM(F15:G15) -> 0 | I15: =D15-F15 -> 10500000 | J15: =1/10*G15 -> 0
A16: 8 | B16: Sudarma Widya | C16: 28-09-21 | D16: ='27-1-26'!I16 -> 15310000 | H16: =SUM(F16:G16) -> 0 | I16: =D16-F16 -> 15310000 | J16: =1/10*G16 -> 0
A17: 9 | B17: Rahmadi | C17: 15-2-22 | D17: ='27-1-26'!I17 -> 6500000 | H17: =SUM(F17:G17) -> 0 | I17: =D17-F17 -> 6500000 | J17: =1/10*G17 -> 0
A18: 10 | B18: Ratmi | C18: 8-3-22 | D18: ='27-1-26'!I18 -> 12595000 | H18: =SUM(F18:G18) -> 0 | I18: =D18-F18 -> 12595000 | J18: =1/10*G18 -> 0
A19: 14 | B19: Cipret | C19: 21-6-22 | D19: ='27-1-26'!I19 -> 4000000 | H19: =SUM(F19:G19) -> 0 | I19: =D19-F19 -> 4000000 | J19: =1/10*G19 -> 0
A20: 18 | B20: Ika Kurniasih | C20: 03-1-22 | D20: ='27-1-26'!I20 -> 42000000 | H20: =SUM(F20:G20) -> 0 | I20: =D20-F20 -> 42000000 | J20: =1/10*G20 -> 0
A21: 19 | B21: Kamto | C21: 28-2-23 | D21: ='27-1-26'!I21 -> 12680000 | H21: =SUM(F21:G21) -> 0 | I21: =D21-F21 -> 12680000 | J21: =1/10*G21 -> 0
... A35: 44 | B35: Karsih | C35: 30/1/24 | D35: ='27-1-26'!I35 -> 3500000 | H35: =SUM(F35:G35) -> 0 | I35: =D35-F35 -> 3500000 | J35: =1/10*G35 -> 0
A36: 47 | B36: Painten Darwito | C36: 16/2/24 | D36: ='27-1-26'!I36 -> 12000000 | E36: 21 | F36: 1400000 | G36: 800000 | H36: =SUM(F36:G36) -> 2200000 | I36: =D36-F36 -> 10600000 | J36: =1/10*G36 -> 80000
A37: 49 | B37: Karni | C37: 2/4/24 | D37: ='27-1-26'!I37 -> 1250000 | H37: =SUM(F37:G37) -> 0 | I37: =D37-F37 -> 1250000 | J37: =1/10*G37 -> 0
A38: 52 | B38: Siyo Dwiroso | C38: 16/4/24 | D38: ='27-1-26'!I38 -> 5800000 | H38: =SUM(F38:G38) -> 0 | I38: =D38-F38 -> 5800000 | J38: =1/10*G38 -> 0
A39: 60 | B39: Purwati | C39: 4/6/24 | D39: ='27-1-26'!I39 -> 14320000 | H39: =SUM(F39:G39) -> 0 | I39: =D39-F39 -> 14320000 | J39: =1/10*G39 -> 0
A40: 62 | B40: Tarsini | C40: 02/07/24 | D40: ='27-1-26'!I40 -> 400000 | H40: =SUM(F40:G40) -> 0 | I40: =D40-F40 -> 400000 | J40: =1/10*G40 -> 0
A41: 64 | B41: Santosa | C41: 09/07/24 | D41: ='27-1-26'!I41 -> 1800000 | H41: =SUM(F41:G41) -> 0 | I41: =D41-F41 -> 1800000 | J41: =1/10*G41 -> 0
A42: 65 | B42: Priyono | C42: 16/07/24 | D42: ='27-1-26'!I42 -> 1200000 | H42: =SUM(F42:G42) -> 0 | I42: =D42-F42 -> 1200000 | J42: =1/10*G42 -> 0
A43: 69 | B43: Karyono | C43: 30/07/24 | D43: ='27-1-26'!I43 -> 6000000 | E43: 14 | F43: 750000 | G43: 300000 | H43: =SUM(F43:G43) -> 1050000 | I43: =D43-F43 -> 5250000 | J43: =1/10*G43 -> 30000
A44: 70 | B44: Dwiyanto | C44: 06/08/24 | D44: ='27-1-26'!I44 -> 10320000 | H44: =SUM(F44:G44) -> 0 | I44: =D44-F44 -> 10320000 | J44: =1/10*G44 -> 0
A45: 71 | B45: Utami | C45: 20/08/24 | D45: ='27-1-26'!I45 -> 11250000 | E45: 11 | F45: 375000 | G45: 300000 | H45: =SUM(F45:G45) -> 675000 | I45: =D45-F45 -> 10875000 | J45: =1/10*G45 -> 30000
A46: 73 | B46: Karjono | C46: 10/09/24 | D46: ='27-1-26'!I46 -> 600000 | H46: =SUM(F46:G46) -> 0 | I46: =D46-F46 -> 600000 | J46: =1/10*G46 -> 0
A47: 76 | B47: Kuswono Katam | C47: 05/11/24 | D47: ='27-1-26'!I47 -> 9600000 | H47: =SUM(F47:G47) -> 0 | I47: =D47-F47 -> 9600000 | J47: =1/10*G47 -> 0
A48: 77 | B48: Sarijem | C48: 05/11/24 | D48: ='27-1-26'!I48 -> 1200000 | H48: =SUM(F48:G48) -> 0 | I48: =D48-F48 -> 1200000 | J48: =1/10*G48 -> 0
A49: 80 | B49: Nisem | C49: 03/12/24 | D49: ='27-1-26'!I49 -> 9900000 | H49: =SUM(F49:G49) -> 0 | I49: =D49-F49 -> 9900000 | J49: =1/10*G49 -> 0
A50: 82 | B50: Saroji | C50: 17/12/24 | D50: ='27-1-26'!I50 -> 0 | H50: =SUM(F50:G50) -> 0 | I50: =D50-F50 -> 0 | J50: =1/10*G50 -> 0
A51: 86 | B51: Minardi | C51: 21/1/25 | D51: ='27-1-26'!I51 -> 16400000 | H51: =SUM(F51:G51) -> 0 | I51: =D51-F51 -> 16400000 | J51: =1/10*G51 -> 0
A52: 87 | B52: Kuat Siti Kirana | C52: 28/1/25 | D52: ='27-1-26'!I52 -> 25400000 | E52: 7 | F52: 400000 | G52: 600000 | H52: =SUM(F52:G52) -> 1000000 | I52: =D52-F52 -> 25000000 | J52: =1/10*G52 -> 60000
A53: 89 | B53: Vijja Ratano | C53: 18/2/25 | D53: ='27-1-26'!I53 -> 100000 | H53: =SUM(F53:G53) -> 0 | I53: =D53-F53 -> 100000 | J53: =1/10*G53 -> 0
A54: 91 | B54: Suroto | C54: 18/2/25 | D54: ='27-1-26'!I54 -> 4800000 | H54: =SUM(F54:G54) -> 0 | I54: =D54-F54 -> 4800000 | J54: =1/10*G54 -> 0
A55: 92 | B55: Sono | C55: 25/2/25 | D55: ='27-1-26'!I55 -> 7460000 | H55: =SUM(F55:G55) -> 0 | I55: =D55-F55 -> 7460000 | J55: =1/10*G55 -> 0
A56: 93 | B56: Metta Candra D. | C56: 25/2/25 | D56: ='27-1-26'!I56 -> 600000 | H56: =SUM(F56:G56) -> 0 | I56: =D56-F56 -> 600000 | J56: =1/10*G56 -> 0
A57: 94 | B57: Mislam | C57: 25/2/25 | D57: ='27-1-26'!I57 -> 20000000 | H57: =SUM(F57:G57) -> 0 | I57: =D57-F57 -> 20000000 | J57: =1/10*G57 -> 0
A58: 98 | B58: Lewih | C58: 25/3/25 | D58: ='27-1-26'!I58 -> 1650000 | H58: =SUM(F58:G58) -> 0 | I58: =D58-F58 -> 1650000 | J58: =1/10*G58 -> 0
A59: 101 | B59: Rusmini Bolot | C59: 8/4/25 | D59: ='27-1-26'!I59 -> 0 | H59: =SUM(F59:G59) -> 0 | I59: =D59-F59 -> 0 | J59: =1/10*G59 -> 0
A60: 103 | B60: Kadi | C60: 15/4/25 | D60: ='27-1-26'!I60 -> 3250000 | H60: =SUM(F60:G60) -> 0 | I60: =D60-F60 -> 3250000 | J60: =1/10*G60 -> 0
A61: 106 | B61: Marsito | C61: 27-5-25 | D61: ='27-1-26'!I61 -> 230000 | H61: =SUM(F61:G61) -> 0 | I61: =D61-F61 -> 230000 | J61: =1/10*G61 -> 0
A62: 108 | B62: Darwito | C62: 10-6-25 | D62: ='27-1-26'!I62 -> 0 | H62: =SUM(F62:G62) -> 0 | I62: =D62-F62 -> 0 | J62: =1/10*G62 -> 0
A63: 110 | B63: Manis | C63: 15r-7-25 | D63: ='27-1-26'!I63 -> 600000 | H63: =SUM(F63:G63) -> 0 | I63: =D63-F63 -> 600000 | J63: =1/10*G63 -> 0
A64: 111 | B64: Turyanto Madiono | C64: 12-8-25 | D64: ='27-1-26'!I64 -> 1500000 | H64: =SUM(F64:G64) -> 0 | I64: =D64-F64 -> 1500000 | J64: =1/10*G64 -> 0
A65: 112 | B65: Aniah Marsih | C65: 26/9/25 | D65: ='27-1-26'!I65 -> 6570000 | E65: 4 | F65: 708000 | G65: 292000 | H65: =SUM(F65:G65) -> 1000000 | I65: =D65-F65 -> 5862000 | J65: =1/10*G65 -> 29200
A66: 113 | B66: Ranem | C66: 26/9/25 | D66: ='27-1-26'!I66 -> 250000 | H66: =SUM(F66:G66) -> 0 | I66: =D66-F66 -> 250000 | J66: =1/10*G66 -> 0
A67: 117 | B67: Tato | C67: 18/11/25 | D67: ='27-1-26'!I67 -> 0 | H67: =SUM(F67:G67) -> 0 | I67: =D67-F67 -> 0 | J67: =1/10*G67 -> 0
D68: ='27-1-26'!I68 -> 0 | H68: =SUM(F68:G68) -> 0 | J68: =1/10*G68 -> 0
D69: ='27-1-26'!I69 -> 0 | H69: =SUM(F69:G69) -> 0 | J69: =1/10*G69 -> 0
D70: ='27-1-26'!I70 -> 0 | H70: =SUM(F70:G70) -> 0 | J70: =1/10*G70 -> 0
D71: ='27-1-26'!I71 -> 0 | H71: =SUM(F71:G71) -> 0 | J71: =1/10*G71 -> 0
D72: ='27-1-26'!I72 -> 0 | H72: =SUM(F72:G72) -> 0 | J72: =1/10*G72 -> 0
D73: ='27-1-26'!I73 -> 0 | H73: =SUM(F73:G73) -> 0 | J73: =1/10*G73 -> 0
D74: ='27-1-26'!I74 -> 0 | H74: =SUM(F74:G74) -> 0 | J74: =1/10*G74 -> 0
D75: ='27-1-26'!I75 -> 0 | H75: =SUM(F75:G75) -> 0 | J75: =1/10*G75 -> 0
D76: ='27-1-26'!I76 -> 0 | H76: =SUM(F76:G76) -> 0 | J76: =1/10*G76 -> 0
D77: ='27-1-26'!I77 -> 0 | H77: =SUM(F77:G77) -> 0 | J77: =1/10*G77 -> 0
D78: ='27-1-26'!I78 -> 0 | H78: =SUM(F78:G78) -> 0 | J78: =1/10*G78 -> 0
D79: ='27-1-26'!I79 -> 0 | H79: =SUM(F79:G79) -> 0 | J79: =1/10*G79 -> 0
... D185: ='27-1-26'!I185 -> 0 | H185: =SUM(F185:G185) -> 0 | J185: =1/10*G185 -> 0
D186: ='27-1-26'!I186 -> 0 | H186: =SUM(F186:G186) -> 0 | I186: =D186-F186 -> 0 | J186: =1/10*G186 -> 0
B187: Jumlah | D187: =SUM(D9:D186) -> 373175000 | E187: =SUM(E9:E186) -> 57 | F187: =SUM(F9:F186) -> 3633000 | G187: =SUM(G9:G186) -> 2292000 | H187: =SUM(H9:H186) -> 5925000 | I187: =SUM(I9:I186) -> 369542000 | J187: =SUM(J9:J186) -> 229200
B189: Catatan | C189: :
B190: Total jasa | C190: ; Rp | D190: =G187 -> 2292000 | F190: Windusari, 3 Februari 2026
B191: Tiap bagian | C191: ; Rp | D191: =D190/20 -> 114600 | F191: Pengurus KSU "CAHAYA DHAMMA PHALA"
B192: Rincian | C192: ; | F192: Ketua | H192: Bendahara
B193: Japinup | C193: ; Rp | D193: =11*D191 -> 1260600
B194: Dana Sosial | C194: ; Rp | D194: =1/2*D191 -> 57300
B195: Dana Pendidikan | C195: ; Rp | D195: =1/2*D191 -> 57300
B196: Dana CRK | C196: ; Rp | D196: =1/2*D191 -> 57300
B197: Dana Pembangunan | C197: ; Rp | D197: =1/2*D191 -> 57300 | F197: Waridi | H197: Oru Wasaton
B198: SWK | C198: ; Rp | D198: =2*D191 -> 229200
B199: Dana Kesra | C199: ; Rp | D199: =5*D191 -> 573000
B200: Jumlah | C200: ; Rp | D200: =SUM(D193:D199) -> 2292000

Sheet 10-2-26
A1: KOPERASI SERBA USAHA "CAHAYA DHAMMA PHALA"
A2: Badan Hukum No. 2/BH/XIV.1/II/2016 Tanggal 5 Februari 2016
A3: Dukuh Windusari, Desa Sokaraja, Kec. Pagentan, Kab. Banjarnegara 53455
A5: BUKU ANGSURAN PINJAMAN ANGGOTA
A6: Per 10 Februari 2026
A7: NO. | B7: NAMA | C7: TGL | E7: ANGSURAN PINJAMAN | I7: SISA | J7: SWK
E8: KE | F8: POKOK | G8: JASA | H8: JUMLAH
A9: 1 | B9: Suryadi | C9: 4-4-17 | D9: ='3-2-26'!I9 -> 5500000 | F9: 0 | G9: =SUM(E9:F9) -> 0 | H9: =SUM(F9:G9) -> 0 | I9: =D9-F9 -> 5500000 | J9: =1/10*G9 -> 0
A10: 2 | B10: Waginah | C10: 16-5-17 | D10: ='3-2-26'!I10 -> 1910000 | H10: =SUM(F10:G10) -> 0 | I10: =D10-F10 -> 1910000 | J10: =1/10*G10 -> 0
A11: 3 | B11: Tarmono | C11: 18-8-20 | D11: ='3-2-26'!I11 -> 1750000 | H11: =SUM(F11:G11) -> 0 | I11: =D11-F11 -> 1750000 | J11: =1/10*G11 -> 0
A12: 4 | B12: Juliyah | C12: 2-2-21 | D12: ='3-2-26'!I12 -> 13750000 | H12: =SUM(F12:G12) -> 0 | I12: =D12-F12 -> 13750000 | J12: =1/10*G12 -> 0
A13: 5 | B13: Purwadi | C13: 14-03-21 | D13: ='3-2-26'!I13 -> 19950000 | H13: =SUM(F13:G13) -> 0 | I13: =D13-F13 -> 19950000 | J13: =1/10*G13 -> 0
A14: 6 | B14: Waluyo Ragil | C14: 27-04-21 | D14: ='3-2-26'!I14 -> 100000 | H14: =SUM(F14:G14) -> 0 | I14: =D14-F14 -> 100000 | J14: =1/10*G14 -> 0
A15: 7 | B15: Sapdono | C15: 24-8-23 | D15: ='3-2-26'!I15 -> 10500000 | H15: =SUM(F15:G15) -> 0 | I15: =D15-F15 -> 10500000 | J15: =1/10*G15 -> 0
A16: 8 | B16: Sudarma Widya | C16: 28-09-21 | D16: ='3-2-26'!I16 -> 15310000 | H16: =SUM(F16:G16) -> 0 | I16: =D16-F16 -> 15310000 | J16: =1/10*G16 -> 0
A17: 9 | B17: Rahmadi | C17: 15-2-22 | D17: ='3-2-26'!I17 -> 6500000 | E17: 11 | F17: 350000 | G17: 200000 | H17: =SUM(F17:G17) -> 550000 | I17: =D17-F17 -> 6150000 | J17: =1/10*G17 -> 20000
A18: 10 | B18: Ratmi | C18: 8-3-22 | D18: ='3-2-26'!I18 -> 12595000 | H18: =SUM(F18:G18) -> 0 | I18: =D18-F18 -> 12595000 | J18: =1/10*G18 -> 0
A19: 14 | B19: Cipret | C19: 21-6-22 | D19: ='3-2-26'!I19 -> 4000000 | E19: 5 | F19: 250000 | G19: 100000 | H19: =SUM(F19:G19) -> 350000 | I19: =D19-F19 -> 3750000 | J19: =1/10*G19 -> 10000
A20: 18 | B20: Ika Kurniasih | C20: 03-1-22 | D20: ='3-2-26'!I20 -> 42000000 | H20: =SUM(F20:G20) -> 0 | I20: =D20-F20 -> 42000000 | J20: =1/10*G20 -> 0
A21: 19 | B21: Kamto | C21: 28-2-23 | D21: ='3-2-26'!I21 -> 12680000 | H21: =SUM(F21:G21) -> 0 | I21: =D21-F21 -> 12680000 | J21: =1/10*G21 -> 0
A22: 22 | B22: Handi Cahyono | C22: 04-04-23 | D22: ='3-2-26'!I22 -> 0 | H22: =SUM(F22:G22) -> 0 | I22: =D22-F22 -> 0 | J22: =1/10*G22 -> 0
A23: 23 | B23: Hartati | C23: 04-04-23 | D23: ='3-2-26'!I23 -> 1500000 | H23: =SUM(F23:G23) -> 0 | I23: =D23-F23 -> 1500000 | J23: =1/10*G23 -> 0
A24: 24 | B24: Sartiyah | C24: 04-04-23 | D24: ='3-2-26'!I24 -> 600000 | H24: =SUM(F24:G24) -> 0 | I24: =D24-F24 -> 600000 | J24: =1/10*G24 -> 0
A25: 25 | B25: Dwi Vijjayanti | C25: 11-04-23 | D25: ='3-2-26'!I25 -> 22200000 | H25: =SUM(F25:G25) -> 0 | I25: =D25-F25 -> 22200000 | J25: =1/10*G25 -> 0
A26: 26 | B26: Marsinem | C26: 2-5-23 | D26: ='3-2-26'!I26 -> 3800000 | H26: =SUM(F26:G26) -> 0 | I26: =D26-F26 -> 3800000 | J26: =1/10*G26 -> 0
A27: 29 | B27: Suharjanto | C27: 11/7/23 | D27: ='3-2-26'!I27 -> 1030000 | H27: =SUM(F27:G27) -> 0 | I27: =D27-F27 -> 1030000 | J27: =1/10*G27 -> 0
A28: 30 | B28: Saliyah | C28: 18/7/23 | D28: ='3-2-26'!I28 -> 0 | H28: =SUM(F28:G28) -> 0 | I28: =D28-F28 -> 0 | J28: =1/10*G28 -> 0
A29: 31 | B29: Suminah | C29: 26-9-23 | D29: ='3-2-26'!I29 -> 0 | H29: =SUM(F29:G29) -> 0 | I29: =D29-F29 -> 0 | J29: =1/10*G29 -> 0
A30: 33 | B30: Leni | C30: 10-10-23 | D30: ='3-2-26'!I30 -> 2750000 | H30: =SUM(F30:G30) -> 0 | I30: =D30-F30 -> 2750000 | J30: =1/10*G30 -> 0
A31: 34 | B31: Kasmi Purwadi | C31: 24-10-23 | D31: ='3-2-26'!I31 -> 1250000 | H31: =SUM(F31:G31) -> 0 | I31: =D31-F31 -> 1250000 | J31: =1/10*G31 -> 0
A32: 35 | B32: Gini Wanto | C32: 24-10-23 | D32: ='3-2-26'!I32 -> 12000000 | H32: =SUM(F32:G32) -> 0 | I32: =D32-F32 -> 12000000 | J32: =1/10*G32 -> 0
A33: 41 | B33: Kami | C33: 9/1/24 | D33: ='3-2-26'!I33 -> 750000 | E33: 16 | F33: 150000 | G33: 60000 | H33: =SUM(F33:G33) -> 210000 | I33: =D33-F33 -> 600000 | J33: =1/10*G33 -> 6000
A34: 43 | B34: Wahyuni | C34: 30/1/24 | D34: ='3-2-26'!I34 -> 2800000 | H34: =SUM(F34:G34) -> 0 | I34: =D34-F34 -> 2800000 | J34: =1/10*G34 -> 0
A35: 44 | B35: Karsih | C35: 30/1/24 | D35: ='3-2-26'!I35 -> 3500000 | H35: =SUM(F35:G35) -> 0 | I35: =D35-F35 -> 3500000 | J35: =1/10*G35 -> 0
A36: 47 | B36: Painten Darwito | C36: 16/2/24 | D36: ='3-2-26'!I36 -> 10600000 | H36: =SUM(F36:G36) -> 0 | I36: =D36-F36 -> 10600000 | J36: =1/10*G36 -> 0
A37: 49 | B37: Karni | C37: 2/4/24 | D37: ='3-2-26'!I37 -> 1250000 | H37: =SUM(F37:G37) -> 0 | I37: =D37-F37 -> 1250000 | J37: =1/10*G37 -> 0
A38: 52 | B38: Siyo Dwiroso | C38: 16/4/24 | D38: ='3-2-26'!I38 -> 5800000 | H38: =SUM(F38:G38) -> 0 | I38: =D38-F38 -> 5800000 | J38: =1/10*G38 -> 0
A39: 60 | B39: Purwati | C39: 4/6/24 | D39: ='3-2-26'!I39 -> 14320000 | H39: =SUM(F39:G39) -> 0 | I39: =D39-F39 -> 14320000 | J39: =1/10*G39 -> 0
A40: 62 | B40: Tarsini | C40: 02/07/24 | D40: ='3-2-26'!I40 -> 400000 | E40: 14 | F40: 200000 | G40: 60000 | H40: =SUM(F40:G40) -> 260000 | I40: =D40-F40 -> 200000 | J40: =1/10*G40 -> 6000
A41: 64 | B41: Santosa | C41: 09/07/24 | D41: ='3-2-26'!I41 -> 1800000 | H41: =SUM(F41:G41) -> 0 | I41: =D41-F41 -> 1800000 | J41: =1/10*G41 -> 0
A42: 65 | B42: Priyono | C42: 16/07/24 | D42: ='3-2-26'!I42 -> 1200000 | H42: =SUM(F42:G42) -> 0 | I42: =D42-F42 -> 1200000 | J42: =1/10*G42 -> 0
A43: 69 | B43: Karyono | C43: 30/07/24 | D43: ='3-2-26'!I43 -> 5250000 | H43: =SUM(F43:G43) -> 0 | I43: =D43-F43 -> 5250000 | J43: =1/10*G43 -> 0
A44: 70 | B44: Dwiyanto | C44: 06/08/24 | D44: ='3-2-26'!I44 -> 10320000 | H44: =SUM(F44:G44) -> 0 | I44: =D44-F44 -> 10320000 | J44: =1/10*G44 -> 0
A45: 71 | B45: Utami | C45: 20/08/24 | D45: ='3-2-26'!I45 -> 10875000 | H45: =SUM(F45:G45) -> 0 | I45: =D45-F45 -> 10875000 | J45: =1/10*G45 -> 0
A46: 73 | B46: Karjono | C46: 10/09/24 | D46: ='3-2-26'!I46 -> 600000 | E46: 17 | F46: 150000 | G46: 60000 | H46: =SUM(F46:G46) -> 210000 | I46: =D46-F46 -> 450000 | J46: =1/10*G46 -> 6000
A47: 76 | B47: Kuswono Katam | C47: 05/11/24 | D47: ='3-2-26'!I47 -> 9600000 | H47: =SUM(F47:G47) -> 0 | I47: =D47-F47 -> 9600000 | J47: =1/10*G47 -> 0
A48: 77 | B48: Sarijem | C48: 05/11/24 | D48: ='3-2-26'!I48 -> 1200000 | H48: =SUM(F48:G48) -> 0 | I48: =D48-F48 -> 1200000 | J48: =1/10*G48 -> 0
A49: 80 | B49: Nisem | C49: 03/12/24 | D49: ='3-2-26'!I49 -> 9900000 | H49: =SUM(F49:G49) -> 0 | I49: =D49-F49 -> 9900000 | J49: =1/10*G49 -> 0
A50: 82 | B50: Saroji | C50: 17/12/24 | D50: ='3-2-26'!I50 -> 0 | H50: =SUM(F50:G50) -> 0 | I50: =D50-F50 -> 0 | J50: =1/10*G50 -> 0
A51: 86 | B51: Minardi | C51: 21/1/25 | D51: ='3-2-26'!I51 -> 16400000 | H51: =SUM(F51:G51) -> 0 | I51: =D51-F51 -> 16400000 | J51: =1/10*G51 -> 0
A52: 87 | B52: Kuat Siti Kirana | C52: 28/1/25 | D52: ='3-2-26'!I52 -> 25000000 | H52: =SUM(F52:G52) -> 0 | I52: =D52-F52 -> 25000000 | J52: =1/10*G52 -> 0
A53: 89 | B53: Vijja Ratano | C53: 18/2/25 | D53: ='3-2-26'!I53 -> 100000 | H53: =SUM(F53:G53) -> 0 | I53: =D53-F53 -> 100000 | J53: =1/10*G53 -> 0
A54: 91 | B54: Suroto | C54: 18/2/25 | D54: ='3-2-26'!I54 -> 4800000 | H54: =SUM(F54:G54) -> 0 | I54: =D54-F54 -> 4800000 | J54: =1/10*G54 -> 0
A55: 92 | B55: Sono | C55: 25/2/25 | D55: ='3-2-26'!I55 -> 7460000 | H55: =SUM(F55:G55) -> 0 | I55: =D55-F55 -> 7460000 | J55: =1/10*G55 -> 0
A56: 93 | B56: Metta Candra D. | C56: 25/2/25 | D56: ='3-2-26'!I56 -> 600000 | H56: =SUM(F56:G56) -> 0 | I56: =D56-F56 -> 600000 | J56: =1/10*G56 -> 0
A57: 94 | B57: Mislam | C57: 25/2/25 | D57: ='3-2-26'!I57 -> 20000000 | H57: =SUM(F57:G57) -> 0 | I57: =D57-F57 -> 20000000 | J57: =1/10*G57 -> 0
A58: 98 | B58: Lewih | C58: 25/3/25 | D58: ='3-2-26'!I58 -> 1650000 | H58: =SUM(F58:G58) -> 0 | I58: =D58-F58 -> 1650000 | J58: =1/10*G58 -> 0
... A67: 117 | B67: Tato | C67: 18/11/25 | D67: ='3-2-26'!I67 -> 0 | H67: =SUM(F67:G67) -> 0 | I67: =D67-F67 -> 0 | J67: =1/10*G67 -> 0
D68: ='3-2-26'!I68 -> 0 | H68: =SUM(F68:G68) -> 0 | J68: =1/10*G68 -> 0
D69: ='3-2-26'!I69 -> 0 | H69: =SUM(F69:G69) -> 0 | J69: =1/10*G69 -> 0
D70: ='3-2-26'!I70 -> 0 | H70: =SUM(F70:G70) -> 0 | J70: =1/10*G70 -> 0
D71: ='3-2-26'!I71 -> 0 | H71: =SUM(F71:G71) -> 0 | J71: =1/10*G71 -> 0
D72: ='3-2-26'!I72 -> 0 | H72: =SUM(F72:G72) -> 0 | J72: =1/10*G72 -> 0
D73: ='3-2-26'!I73 -> 0 | H73: =SUM(F73:G73) -> 0 | J73: =1/10*G73 -> 0
D74: ='3-2-26'!I74 -> 0 | H74: =SUM(F74:G74) -> 0 | J74: =1/10*G74 -> 0
D75: ='3-2-26'!I75 -> 0 | H75: =SUM(F75:G75) -> 0 | J75: =1/10*G75 -> 0
D76: ='3-2-26'!I76 -> 0 | H76: =SUM(F76:G76) -> 0 | J76: =1/10*G76 -> 0
D77: ='3-2-26'!I77 -> 0 | H77: =SUM(F77:G77) -> 0 | J77: =1/10*G77 -> 0
D78: ='3-2-26'!I78 -> 0 | H78: =SUM(F78:G78) -> 0 | J78: =1/10*G78 -> 0
D79: ='3-2-26'!I79 -> 0 | H79: =SUM(F79:G79) -> 0 | J79: =1/10*G79 -> 0
... D185: ='3-2-26'!I185 -> 0 | H185: =SUM(F185:G185) -> 0 | J185: =1/10*G185 -> 0
D186: ='3-2-26'!I186 -> 0 | H186: =SUM(F186:G186) -> 0 | I186: =D186-F186 -> 0 | J186: =1/10*G186 -> 0
B187: Jumlah | D187: =SUM(D9:D186) -> 369542000 | E187: =SUM(E9:E186) -> 63 | F187: =SUM(F9:F186) -> 1100000 | G187: =SUM(G9:G186) -> 480000 | H187: =SUM(H9:H186) -> 1580000 | I187: =SUM(I9:I186) -> 368442000 | J187: =SUM(J9:J186) -> 48000
B189: Catatan | C189: :
B190: Total jasa | C190: ; Rp | D190: =G187 -> 480000 | F190: Windusari, 10 Februari 2026
B191: Tiap bagian | C191: ; Rp | D191: =D190/20 -> 24000 | F191: Pengurus KSU "CAHAYA DHAMMA PHALA"
B192: Rincian | C192: ; | F192: Ketua | H192: Bendahara
B193: Japinup | C193: ; Rp | D193: =11*D191 -> 264000
B194: Dana Sosial | C194: ; Rp | D194: =1/2*D191 -> 12000
B195: Dana Pendidikan | C195: ; Rp | D195: =1/2*D191 -> 12000
B196: Dana CRK | C196: ; Rp | D196: =1/2*D191 -> 12000
B197: Dana Pembangunan | C197: ; Rp | D197: =1/2*D191 -> 12000 | F197: Waridi | H197: Oru Wasaton
B198: SWK | C198: ; Rp | D198: =2*D191 -> 48000
B199: Dana Kesra | C199: ; Rp | D199: =5*D191 -> 120000
B200: Jumlah | C200: ; Rp | D200: =SUM(D193:D199) -> 480000

Sheet 13-2-26
A1: KOPERASI SERBA USAHA "CAHAYA DHAMMA PHALA"
A2: Badan Hukum No. 2/BH/XIV.1/II/2016 Tanggal 5 Februari 2016
A3: Dukuh Windusari, Desa Sokaraja, Kec. Pagentan, Kab. Banjarnegara 53455
A5: BUKU ANGSURAN PINJAMAN ANGGOTA
A6: Per 13 Februari 2026
A7: NO. | B7: NAMA | C7: TGL | E7: ANGSURAN PINJAMAN | I7: SISA | J7: SWK
E8: KE | F8: POKOK | G8: JASA | H8: JUMLAH
A9: 1 | B9: Suryadi | C9: 4-4-17 | D9: ='10-2-26'!I9 -> 5500000 | I9: =D9-F9 -> 5500000 | J9: =1/10*G9 -> 0
A10: 2 | B10: Waginah | C10: 16-5-17 | D10: ='10-2-26'!I10 -> 1910000 | I10: =D10-F10 -> 1910000 | J10: =1/10*G10 -> 0
A11: 3 | B11: Tarmono | C11: 18-8-20 | D11: ='10-2-26'!I11 -> 1750000 | E11: 10 | F11: 1750000 | G11: 2900000 | H11: =SUM(F11:G11) -> 4650000 | I11: =D11-F11 -> 0 | J11: =1/10*G11 -> 290000
A12: 4 | B12: Juliyah | C12: 2-2-21 | D12: ='10-2-26'!I12 -> 13750000 | I12: =D12-F12 -> 13750000 | J12: =1/10*G12 -> 0
A13: 5 | B13: Purwadi | C13: 14-03-21 | D13: ='10-2-26'!I13 -> 19950000 | I13: =D13-F13 -> 19950000 | J13: =1/10*G13 -> 0
A14: 6 | B14: Waluyo Ragil | C14: 27-04-21 | D14: ='10-2-26'!I14 -> 100000 | I14: =D14-F14 -> 100000 | J14: =1/10*G14 -> 0
A15: 7 | B15: Sapdono | C15: 24-8-23 | D15: ='10-2-26'!I15 -> 10500000 | I15: =D15-F15 -> 10500000 | J15: =1/10*G15 -> 0
A16: 8 | B16: Sudarma Widya | C16: 28-09-21 | D16: ='10-2-26'!I16 -> 15310000 | I16: =D16-F16 -> 15310000 | J16: =1/10*G16 -> 0
A17: 9 | B17: Rahmadi | C17: 15-2-22 | D17: ='10-2-26'!I17 -> 6150000 | I17: =D17-F17 -> 6150000 | J17: =1/10*G17 -> 0
A18: 10 | B18: Ratmi | C18: 8-3-22 | D18: ='10-2-26'!I18 -> 12595000 | I18: =D18-F18 -> 12595000 | J18: =1/10*G18 -> 0
A19: 14 | B19: Cipret | C19: 21-6-22 | D19: ='10-2-26'!I19 -> 3750000 | I19: =D19-F19 -> 3750000 | J19: =1/10*G19 -> 0
A20: 18 | B20: Ika Kurniasih | C20: 03-1-22 | D20: ='10-2-26'!I20 -> 42000000 | I20: =D20-F20 -> 42000000 | J20: =1/10*G20 -> 0
A21: 19 | B21: Kamto | C21: 28-2-23 | D21: ='10-2-26'!I21 -> 12680000 | I21: =D21-F21 -> 12680000 | J21: =1/10*G21 -> 0
A22: 22 | B22: Handi Cahyono | C22: 04-04-23 | D22: ='10-2-26'!I22 -> 0 | I22: =D22-F22 -> 0 | J22: =1/10*G22 -> 0
A23: 23 | B23: Hartati | C23: 04-04-23 | D23: ='10-2-26'!I23 -> 1500000 | I23: =D23-F23 -> 1500000 | J23: =1/10*G23 -> 0
... A46: 73 | B46: Karjono | C46: 10/09/24 | D46: ='10-2-26'!I46 -> 450000 | I46: =D46-F46 -> 450000 | J46: =1/10*G46 -> 0
A47: 76 | B47: Kuswono Katam | C47: 05/11/24 | D47: ='10-2-26'!I47 -> 9600000 | H47: =SUM(F47:G47) -> 0 | I47: =D47-F47 -> 9600000 | J47: =1/10*G47 -> 0
A48: 77 | B48: Sarijem | C48: 05/11/24 | D48: ='10-2-26'!I48 -> 1200000 | H48: =SUM(F48:G48) -> 0 | I48: =D48-F48 -> 1200000 | J48: =1/10*G48 -> 0
A49: 80 | B49: Nisem | C49: 03/12/24 | D49: ='10-2-26'!I49 -> 9900000 | H49: =SUM(F49:G49) -> 0 | I49: =D49-F49 -> 9900000 | J49: =1/10*G49 -> 0
A50: 82 | B50: Saroji | C50: 17/12/24 | D50: ='10-2-26'!I50 -> 0 | H50: =SUM(F50:G50) -> 0 | I50: =D50-F50 -> 0 | J50: =1/10*G50 -> 0
A51: 86 | B51: Minardi | C51: 21/1/25 | D51: ='10-2-26'!I51 -> 16400000 | H51: =SUM(F51:G51) -> 0 | I51: =D51-F51 -> 16400000 | J51: =1/10*G51 -> 0
A52: 87 | B52: Kuat Siti Kirana | C52: 28/1/25 | D52: ='10-2-26'!I52 -> 25000000 | H52: =SUM(F52:G52) -> 0 | I52: =D52-F52 -> 25000000 | J52: =1/10*G52 -> 0
A53: 89 | B53: Vijja Ratano | C53: 18/2/25 | D53: ='10-2-26'!I53 -> 100000 | H53: =SUM(F53:G53) -> 0 | I53: =D53-F53 -> 100000 | J53: =1/10*G53 -> 0
A54: 91 | B54: Suroto | C54: 18/2/25 | D54: ='10-2-26'!I54 -> 4800000 | H54: =SUM(F54:G54) -> 0 | I54: =D54-F54 -> 4800000 | J54: =1/10*G54 -> 0
A55: 92 | B55: Sono | C55: 25/2/25 | D55: ='10-2-26'!I55 -> 7460000 | H55: =SUM(F55:G55) -> 0 | I55: =D55-F55 -> 7460000 | J55: =1/10*G55 -> 0
A56: 93 | B56: Metta Candra D. | C56: 25/2/25 | D56: ='10-2-26'!I56 -> 600000 | H56: =SUM(F56:G56) -> 0 | I56: =D56-F56 -> 600000 | J56: =1/10*G56 -> 0
A57: 94 | B57: Mislam | C57: 25/2/25 | D57: ='10-2-26'!I57 -> 20000000 | H57: =SUM(F57:G57) -> 0 | I57: =D57-F57 -> 20000000 | J57: =1/10*G57 -> 0
A58: 98 | B58: Lewih | C58: 25/3/25 | D58: ='10-2-26'!I58 -> 1650000 | H58: =SUM(F58:G58) -> 0 | I58: =D58-F58 -> 1650000 | J58: =1/10*G58 -> 0
... A67: 117 | B67: Tato | C67: 18/11/25 | D67: ='10-2-26'!I67 -> 0 | H67: =SUM(F67:G67) -> 0 | I67: =D67-F67 -> 0 | J67: =1/10*G67 -> 0
D68: ='10-2-26'!I68 -> 0 | H68: =SUM(F68:G68) -> 0 | J68: =1/10*G68 -> 0
D69: ='10-2-26'!I69 -> 0 | H69: =SUM(F69:G69) -> 0 | J69: =1/10*G69 -> 0
D70: ='10-2-26'!I70 -> 0 | H70: =SUM(F70:G70) -> 0 | J70: =1/10*G70 -> 0
D71: ='3-2-26'!I71 -> 0 | H71: =SUM(F71:G71) -> 0 | J71: =1/10*G71 -> 0
D72: ='3-2-26'!I72 -> 0 | H72: =SUM(F72:G72) -> 0 | J72: =1/10*G72 -> 0
D73: ='3-2-26'!I73 -> 0 | H73: =SUM(F73:G73) -> 0 | J73: =1/10*G73 -> 0
D74: ='3-2-26'!I74 -> 0 | H74: =SUM(F74:G74) -> 0 | J74: =1/10*G74 -> 0
D75: ='3-2-26'!I75 -> 0 | H75: =SUM(F75:G75) -> 0 | J75: =1/10*G75 -> 0
D76: ='3-2-26'!I76 -> 0 | H76: =SUM(F76:G76) -> 0 | J76: =1/10*G76 -> 0
D77: ='3-2-26'!I77 -> 0 | H77: =SUM(F77:G77) -> 0 | J77: =1/10*G77 -> 0
D78: ='3-2-26'!I78 -> 0 | H78: =SUM(F78:G78) -> 0 | J78: =1/10*G78 -> 0
D79: ='3-2-26'!I79 -> 0 | H79: =SUM(F79:G79) -> 0 | J79: =1/10*G79 -> 0
D80: ='3-2-26'!I80 -> 0 | H80: =SUM(F80:G80) -> 0 | J80: =1/10*G80 -> 0
D81: ='3-2-26'!I81 -> 0 | H81: =SUM(F81:G81) -> 0 | J81: =1/10*G81 -> 0
D82: ='3-2-26'!I82 -> 0 | H82: =SUM(F82:G82) -> 0 | J82: =1/10*G82 -> 0
... D185: ='3-2-26'!I185 -> 0 | H185: =SUM(F185:G185) -> 0 | J185: =1/10*G185 -> 0
D186: ='3-2-26'!I186 -> 0 | H186: =SUM(F186:G186) -> 0 | I186: =D186-F186 -> 0 | J186: =1/10*G186 -> 0
B187: Jumlah | D187: =SUM(D9:D186) -> 368442000 | E187: =SUM(E9:E186) -> 10 | F187: =SUM(F9:F186) -> 1750000 | G187: =SUM(G9:G186) -> 2900000 | H187: =SUM(H9:H186) -> 4650000 | I187: =SUM(I9:I186) -> 366692000 | J187: =SUM(J9:J186) -> 290000
B189: Catatan | C189: :
B190: Total jasa | C190: ; Rp | D190: =G187 -> 2900000 | F190: Windusari, 13 Februari 2026
B191: Tiap bagian | C191: ; Rp | D191: =D190/20 -> 145000 | F191: Pengurus KSU "CAHAYA DHAMMA PHALA"
B192: Rincian | C192: ; | F192: Ketua | H192: Bendahara
B193: Japinup | C193: ; Rp | D193: =11*D191 -> 1595000
B194: Dana Sosial | C194: ; Rp | D194: =1/2*D191 -> 72500
B195: Dana Pendidikan | C195: ; Rp | D195: =1/2*D191 -> 72500
B196: Dana CRK | C196: ; Rp | D196: =1/2*D191 -> 72500
B197: Dana Pembangunan | C197: ; Rp | D197: =1/2*D191 -> 72500 | F197: Waridi | H197: Oru Wasaton
B198: SWK | C198: ; Rp | D198: =2*D191 -> 290000
B199: Dana Kesra | C199: ; Rp | D199: =5*D191 -> 725000
B200: Jumlah | C200: ; Rp | D200: =SUM(D193:D199) -> 2900000

Sheet 17-2-26
A1: KOPERASI SERBA USAHA "CAHAYA DHAMMA PHALA"
A2: Badan Hukum No. 2/BH/XIV.1/II/2016 Tanggal 5 Februari 2016
A3: Dukuh Windusari, Desa Sokaraja, Kec. Pagentan, Kab. Banjarnegara 53455
A5: BUKU ANGSURAN PINJAMAN ANGGOTA
A6: Per 17 Februari 2026
A7: NO. | B7: NAMA | C7: TGL | E7: ANGSURAN PINJAMAN | I7: SISA | J7: SWK
E8: KE | F8: POKOK | G8: JASA | H8: JUMLAH
A9: 1 | B9: Suryadi | C9: 4-4-17 | D9: ='13-2-26'!I9 -> 5500000 | H9: =SUM(F9:G9) -> 0 | I9: =D9-F9 -> 5500000 | J9: =1/10*G9 -> 0
A10: 2 | B10: Waginah | C10: 16-5-17 | D10: ='13-2-26'!I10 -> 1910000 | H10: =SUM(F10:G10) -> 0 | I10: =D10-F10 -> 1910000 | J10: =1/10*G10 -> 0
A11: 3 | B11: Tarmono | C11: 18-8-20 | D11: ='13-2-26'!I11 -> 0 | H11: =SUM(F11:G11) -> 0 | I11: =D11-F11 -> 0 | J11: =1/10*G11 -> 0
A12: 4 | B12: Juliyah | C12: 2-2-21 | D12: ='13-2-26'!I12 -> 13750000 | H12: =SUM(F12:G12) -> 0 | I12: =D12-F12 -> 13750000 | J12: =1/10*G12 -> 0
A13: 5 | B13: Purwadi | C13: 14-03-21 | D13: ='13-2-26'!I13 -> 19950000 | H13: =SUM(F13:G13) -> 0 | I13: =D13-F13 -> 19950000 | J13: =1/10*G13 -> 0
A14: 6 | B14: Waluyo Ragil | C14: 27-04-21 | D14: ='13-2-26'!I14 -> 100000 | H14: =SUM(F14:G14) -> 0 | I14: =D14-F14 -> 100000 | J14: =1/10*G14 -> 0
A15: 7 | B15: Sapdono | C15: 24-8-23 | D15: ='13-2-26'!I15 -> 10500000 | H15: =SUM(F15:G15) -> 0 | I15: =D15-F15 -> 10500000 | J15: =1/10*G15 -> 0
A16: 8 | B16: Sudarma Widya | C16: 28-09-21 | D16: ='13-2-26'!I16 -> 15310000 | H16: =SUM(F16:G16) -> 0 | I16: =D16-F16 -> 15310000 | J16: =1/10*G16 -> 0
A17: 9 | B17: Rahmadi | C17: 15-2-22 | D17: ='13-2-26'!I17 -> 6150000 | H17: =SUM(F17:G17) -> 0 | I17: =D17-F17 -> 6150000 | J17: =1/10*G17 -> 0
A18: 10 | B18: Ratmi | C18: 8-3-22 | D18: ='13-2-26'!I18 -> 12595000 | H18: =SUM(F18:G18) -> 0 | I18: =D18-F18 -> 12595000 | J18: =1/10*G18 -> 0
A19: 14 | B19: Cipret | C19: 21-6-22 | D19: ='13-2-26'!I19 -> 3750000 | H19: =SUM(F19:G19) -> 0 | I19: =D19-F19 -> 3750000 | J19: =1/10*G19 -> 0
A20: 18 | B20: Ika Kurniasih | C20: 03-1-22 | D20: ='13-2-26'!I20 -> 42000000 | H20: =SUM(F20:G20) -> 0 | I20: =D20-F20 -> 42000000 | J20: =1/10*G20 -> 0
... A26: 26 | B26: Marsinem | C26: 2-5-23 | D26: ='13-2-26'!I26 -> 3800000 | H26: =SUM(F26:G26) -> 0 | I26: =D26-F26 -> 3800000 | J26: =1/10*G26 -> 0
A27: 29 | B27: Suharjanto | C27: 11/7/23 | D27: ='13-2-26'!I27 -> 1030000 | E27: 12 | F27: 270000 | G27: 80000 | H27: =SUM(F27:G27) -> 350000 | I27: =D27-F27 -> 760000 | J27: =1/10*G27 -> 8000
A28: 30 | B28: Saliyah | C28: 18/7/23 | D28: ='13-2-26'!I28 -> 0 | H28: =SUM(F28:G28) -> 0 | I28: =D28-F28 -> 0 | J28: =1/10*G28 -> 0
A29: 31 | B29: Suminah | C29: 26-9-23 | D29: ='13-2-26'!I29 -> 0 | H29: =SUM(F29:G29) -> 0 | I29: =D29-F29 -> 0 | J29: =1/10*G29 -> 0
A30: 33 | B30: Leni | C30: 10-10-23 | D30: ='13-2-26'!I30 -> 2750000 | H30: =SUM(F30:G30) -> 0 | I30: =D30-F30 -> 2750000 | J30: =1/10*G30 -> 0
A31: 34 | B31: Kasmi Purwadi | C31: 24-10-23 | D31: ='13-2-26'!I31 -> 1250000 | E31: 16 | F31: 250000 | G31: 100000 | H31: =SUM(F31:G31) -> 350000 | I31: =D31-F31 -> 1000000 | J31: =1/10*G31 -> 10000
A32: 35 | B32: Gini Wanto | C32: 24-10-23 | D32: ='13-2-26'!I32 -> 12000000 | H32: =SUM(F32:G32) -> 0 | I32: =D32-F32 -> 12000000 | J32: =1/10*G32 -> 0
A33: 41 | B33: Kami | C33: 9/1/24 | D33: ='13-2-26'!I33 -> 600000 | H33: =SUM(F33:G33) -> 0 | I33: =D33-F33 -> 600000 | J33: =1/10*G33 -> 0
A34: 43 | B34: Wahyuni | C34: 30/1/24 | D34: ='13-2-26'!I34 -> 2800000 | H34: =SUM(F34:G34) -> 0 | I34: =D34-F34 -> 2800000 | J34: =1/10*G34 -> 0
A35: 44 | B35: Karsih | C35: 30/1/24 | D35: ='13-2-26'!I35 -> 3500000 | H35: =SUM(F35:G35) -> 0 | I35: =D35-F35 -> 3500000 | J35: =1/10*G35 -> 0
A36: 47 | B36: Painten Darwito | C36: 16/2/24 | D36: ='13-2-26'!I36 -> 10600000 | E36: 22 | F36: 1400000 | G36: 800000 | H36: =SUM(F36:G36) -> 2200000 | I36: =D36-F36 -> 9200000 | J36: =1/10*G36 -> 80000
A37: 49 | B37: Karni | C37: 2/4/24 | D37: ='13-2-26'!I37 -> 1250000 | H37: =SUM(F37:G37) -> 0 | I37: =D37-F37 -> 1250000 | J37: =1/10*G37 -> 0
A38: 52 | B38: Siyo Dwiroso | C38: 16/4/24 | D38: ='13-2-26'!I38 -> 5800000 | H38: =SUM(F38:G38) -> 0 | I38: =D38-F38 -> 5800000 | J38: =1/10*G38 -> 0
A39: 60 | B39: Purwati | C39: 4/6/24 | D39: ='13-2-26'!I39 -> 14320000 | H39: =SUM(F39:G39) -> 0 | I39: =D39-F39 -> 14320000 | J39: =1/10*G39 -> 0
A40: 62 | B40: Tarsini | C40: 02/07/24 | D40: ='13-2-26'!I40 -> 200000 | H40: =SUM(F40:G40) -> 0 | I40: =D40-F40 -> 200000 | J40: =1/10*G40 -> 0
A41: 64 | B41: Santosa | C41: 09/07/24 | D41: ='13-2-26'!I41 -> 1800000 | H41: =SUM(F41:G41) -> 0 | I41: =D41-F41 -> 1800000 | J41: =1/10*G41 -> 0
A42: 65 | B42: Priyono | C42: 16/07/24 | D42: ='13-2-26'!I42 -> 1200000 | H42: =SUM(F42:G42) -> 0 | I42: =D42-F42 -> 1200000 | J42: =1/10*G42 -> 0
A43: 69 | B43: Karyono | C43: 30/07/24 | D43: ='13-2-26'!I43 -> 5250000 | H43: =SUM(F43:G43) -> 0 | I43: =D43-F43 -> 5250000 | J43: =1/10*G43 -> 0
A44: 70 | B44: Dwiyanto | C44: 06/08/24 | D44: ='13-2-26'!I44 -> 10320000 | H44: =SUM(F44:G44) -> 0 | I44: =D44-F44 -> 10320000 | J44: =1/10*G44 -> 0
A45: 71 | B45: Utami | C45: 20/08/24 | D45: ='13-2-26'!I45 -> 10875000 | H45: =SUM(F45:G45) -> 0 | I45: =D45-F45 -> 10875000 | J45: =1/10*G45 -> 0
A46: 73 | B46: Karjono | C46: 10/09/24 | D46: ='13-2-26'!I46 -> 450000 | H46: =SUM(F46:G46) -> 0 | I46: =D46-F46 -> 450000 | J46: =1/10*G46 -> 0
A47: 76 | B47: Kuswono Katam | C47: 05/11/24 | D47: ='13-2-26'!I47 -> 9600000 | H47: =SUM(F47:G47) -> 0 | I47: =D47-F47 -> 9600000 | J47: =1/10*G47 -> 0
A48: 77 | B48: Sarijem | C48: 05/11/24 | D48: ='13-2-26'!I48 -> 1200000 | E48: 10 | F48: 200000 | G48: 60000 | H48: =SUM(F48:G48) -> 260000 | I48: =D48-F48 -> 1000000 | J48: =1/10*G48 -> 6000
A49: 80 | B49: Nisem | C49: 03/12/24 | D49: ='13-2-26'!I49 -> 9900000 | E49: 8 | F49: 300000 | G49: 240000 | H49: =SUM(F49:G49) -> 540000 | I49: =D49-F49 -> 9600000 | J49: =1/10*G49 -> 24000
A50: 82 | B50: Saroji | C50: 17/12/24 | D50: ='13-2-26'!I50 -> 0 | H50: =SUM(F50:G50) -> 0 | I50: =D50-F50 -> 0 | J50: =1/10*G50 -> 0
A51: 86 | B51: Minardi | C51: 21/1/25 | D51: ='13-2-26'!I51 -> 16400000 | H51: =SUM(F51:G51) -> 0 | I51: =D51-F51 -> 16400000 | J51: =1/10*G51 -> 0
A52: 87 | B52: Kuat Siti Kirana | C52: 28/1/25 | D52: ='13-2-26'!I52 -> 25000000 | H52: =SUM(F52:G52) -> 0 | I52: =D52-F52 -> 25000000 | J52: =1/10*G52 -> 0
A53: 89 | B53: Vijja Ratano | C53: 18/2/25 | D53: ='13-2-26'!I53 -> 100000 | H53: =SUM(F53:G53) -> 0 | I53: =D53-F53 -> 100000 | J53: =1/10*G53 -> 0
A54: 91 | B54: Suroto | C54: 18/2/25 | D54: ='13-2-26'!I54 -> 4800000 | H54: =SUM(F54:G54) -> 0 | I54: =D54-F54 -> 4800000 | J54: =1/10*G54 -> 0
A55: 92 | B55: Sono | C55: 25/2/25 | D55: ='13-2-26'!I55 -> 7460000 | H55: =SUM(F55:G55) -> 0 | I55: =D55-F55 -> 7460000 | J55: =1/10*G55 -> 0
A56: 93 | B56: Metta Candra D. | C56: 25/2/25 | D56: ='13-2-26'!I56 -> 600000 | E56: 8 | F56: 200000 | G56: 40000 | H56: =SUM(F56:G56) -> 240000 | I56: =D56-F56 -> 400000 | J56: =1/10*G56 -> 4000
A57: 94 | B57: Mislam | C57: 25/2/25 | D57: ='13-2-26'!I57 -> 20000000 | H57: =SUM(F57:G57) -> 0 | I57: =D57-F57 -> 20000000 | J57: =1/10*G57 -> 0
A58: 98 | B58: Lewih | C58: 25/3/25 | D58: ='13-2-26'!I58 -> 1650000 | H58: =SUM(F58:G58) -> 0 | I58: =D58-F58 -> 1650000 | J58: =1/10*G58 -> 0
A59: 101 | B59: Rusmini Bolot | C59: 8/4/25 | D59: ='13-2-26'!I59 -> 0 | H59: =SUM(F59:G59) -> 0 | I59: =D59-F59 -> 0 | J59: =1/10*G59 -> 0
A60: 103 | B60: Kadi | C60: 15/4/25 | D60: ='13-2-26'!I60 -> 3250000 | E60: 8 | F60: 250000 | G60: 100000 | H60: =SUM(F60:G60) -> 350000 | I60: =D60-F60 -> 3000000 | J60: =1/10*G60 -> 10000
A61: 106 | B61: Marsito | C61: 27-5-25 | D61: ='13-2-26'!I61 -> 230000 | H61: =SUM(F61:G61) -> 0 | I61: =D61-F61 -> 230000 | J61: =1/10*G61 -> 0
A62: 108 | B62: Darwito | C62: 10-6-25 | D62: ='13-2-26'!I62 -> 0 | H62: =SUM(F62:G62) -> 0 | I62: =D62-F62 -> 0 | J62: =1/10*G62 -> 0
A63: 110 | B63: Manis | C63: 15r-7-25 | D63: ='13-2-26'!I63 -> 600000 | H63: =SUM(F63:G63) -> 0 | I63: =D63-F63 -> 600000 | J63: =1/10*G63 -> 0
A64: 111 | B64: Turyanto Madiono | C64: 12-8-25 | D64: ='13-2-26'!I64 -> 1500000 | E64: 1 | F64: 150000 | G64: 270000 | H64: =SUM(F64:G64) -> 420000 | I64: =D64-F64 -> 1350000 | J64: =1/10*G64 -> 27000
A65: 112 | B65: Aniah Marsih | C65: 26/9/25 | D65: ='13-2-26'!I65 -> 5862000 | H65: =SUM(F65:G65) -> 0 | I65: =D65-F65 -> 5862000 | J65: =1/10*G65 -> 0
A66: 113 | B66: Ranem | C66: 26/9/25 | D66: ='13-2-26'!I66 -> 250000 | E66: 6 | F66: 50000 | G66: 10000 | H66: =SUM(F66:G66) -> 60000 | I66: =D66-F66 -> 200000 | J66: =1/10*G66 -> 1000
A67: 117 | B67: Tato | C67: 18/11/25 | D67: ='13-2-26'!I67 -> 0 | H67: =SUM(F67:G67) -> 0 | I67: =D67-F67 -> 0 | J67: =1/10*G67 -> 0
D68: ='13-2-26'!I68 -> 0 | H68: =SUM(F68:G68) -> 0 | J68: =1/10*G68 -> 0
D69: ='10-2-26'!I69 -> 0 | H69: =SUM(F69:G69) -> 0 | J69: =1/10*G69 -> 0
D70: ='10-2-26'!I70 -> 0 | H70: =SUM(F70:G70) -> 0 | J70: =1/10*G70 -> 0
D71: ='3-2-26'!I71 -> 0 | H71: =SUM(F71:G71) -> 0 | J71: =1/10*G71 -> 0
D72: ='3-2-26'!I72 -> 0 | H72: =SUM(F72:G72) -> 0 | J72: =1/10*G72 -> 0
D73: ='3-2-26'!I73 -> 0 | H73: =SUM(F73:G73) -> 0 | J73: =1/10*G73 -> 0
D74: ='3-2-26'!I74 -> 0 | H74: =SUM(F74:G74) -> 0 | J74: =1/10*G74 -> 0
D75: ='3-2-26'!I75 -> 0 | H75: =SUM(F75:G75) -> 0 | J75: =1/10*G75 -> 0
D76: ='3-2-26'!I76 -> 0 | H76: =SUM(F76:G76) -> 0 | J76: =1/10*G76 -> 0
D77: ='3-2-26'!I77 -> 0 | H77: =SUM(F77:G77) -> 0 | J77: =1/10*G77 -> 0
D78: ='3-2-26'!I78 -> 0 | H78: =SUM(F78:G78) -> 0 | J78: =1/10*G78 -> 0
D79: ='3-2-26'!I79 -> 0 | H79: =SUM(F79:G79) -> 0 | J79: =1/10*G79 -> 0
D80: ='3-2-26'!I80 -> 0 | H80: =SUM(F80:G80) -> 0 | J80: =1/10*G80 -> 0
D81: ='3-2-26'!I81 -> 0 | H81: =SUM(F81:G81) -> 0 | J81: =1/10*G81 -> 0
D82: ='3-2-26'!I82 -> 0 | H82: =SUM(F82:G82) -> 0 | J82: =1/10*G82 -> 0
... D185: ='3-2-26'!I185 -> 0 | H185: =SUM(F185:G185) -> 0 | J185: =1/10*G185 -> 0
D186: ='3-2-26'!I186 -> 0 | H186: =SUM(F186:G186) -> 0 | I186: =D186-F186 -> 0 | J186: =1/10*G186 -> 0
B187: Jumlah | D187: =SUM(D9:D186) -> 366692000 | E187: =SUM(E9:E186) -> 91 | F187: =SUM(F9:F186) -> 3070000 | G187: =SUM(G9:G186) -> 1700000 | H187: =SUM(H9:H186) -> 4770000 | I187: =SUM(I9:I186) -> 363622000 | J187: =SUM(J9:J186) -> 170000
B189: Catatan | C189: :
B190: Total jasa | C190: ; Rp | D190: =G187 -> 1700000 | F190: Windusari, 17 Februari 2026
B191: Tiap bagian | C191: ; Rp | D191: =D190/20 -> 85000 | F191: Pengurus KSU "CAHAYA DHAMMA PHALA"
B192: Rincian | C192: ; | F192: Ketua | H192: Bendahara
B193: Japinup | C193: ; Rp | D193: =11*D191 -> 935000
B194: Dana Sosial | C194: ; Rp | D194: =1/2*D191 -> 42500
B195: Dana Pendidikan | C195: ; Rp | D195: =1/2*D191 -> 42500
B196: Dana CRK | C196: ; Rp | D196: =1/2*D191 -> 42500
B197: Dana Pembangunan | C197: ; Rp | D197: =1/2*D191 -> 42500 | F197: Waridi | H197: Oru Wasaton
B198: SWK | C198: ; Rp | D198: =2*D191 -> 170000
B199: Dana Kesra | C199: ; Rp | D199: =5*D191 -> 425000
B200: Jumlah | C200: ; Rp | D200: =SUM(D193:D199) -> 1700000

Sheet 24-2-26
A1: KOPERASI SERBA USAHA "CAHAYA DHAMMA PHALA"
A2: Badan Hukum No. 2/BH/XIV.1/II/2016 Tanggal 5 Februari 2016
A3: Dukuh Windusari, Desa Sokaraja, Kec. Pagentan, Kab. Banjarnegara 53455
A5: BUKU ANGSURAN PINJAMAN ANGGOTA
A6: Per 24 Februari 2026
A7: NO. | B7: NAMA | C7: TGL | E7: ANGSURAN PINJAMAN | I7: SISA | J7: SWK
E8: KE | F8: POKOK | G8: JASA | H8: JUMLAH
A9: 1 | B9: Suryadi | C9: 4-4-17 | D9: ='17-2-26'!I9 -> 5500000 | H9: =SUM(F9:G9) -> 0 | I9: =D9-F9 -> 5500000 | J9: =1/10*G9 -> 0
A10: 2 | B10: Waginah | C10: 16-5-17 | D10: ='17-2-26'!I10 -> 1910000 | H10: =SUM(F10:G10) -> 0 | I10: =D10-F10 -> 1910000 | J10: =1/10*G10 -> 0
A11: 3 | B11: Tarmono | C11: 18-8-20 | D11: ='17-2-26'!I11 -> 0 | H11: =SUM(F11:G11) -> 0 | I11: =D11-F11 -> 0 | J11: =1/10*G11 -> 0
A12: 4 | B12: Juliyah | C12: 2-2-21 | D12: ='17-2-26'!I12 -> 13750000 | H12: =SUM(F12:G12) -> 0 | I12: =D12-F12 -> 13750000 | J12: =1/10*G12 -> 0
A13: 5 | B13: Purwadi | C13: 14-03-21 | D13: ='17-2-26'!I13 -> 19950000 | H13: =SUM(F13:G13) -> 0 | I13: =D13-F13 -> 19950000 | J13: =1/10*G13 -> 0
A14: 6 | B14: Waluyo Ragil | C14: 27-04-21 | D14: ='17-2-26'!I14 -> 100000 | H14: =SUM(F14:G14) -> 0 | I14: =D14-F14 -> 100000 | J14: =1/10*G14 -> 0
A15: 7 | B15: Sapdono | C15: 24-8-23 | D15: ='17-2-26'!I15 -> 10500000 | H15: =SUM(F15:G15) -> 0 | I15: =D15-F15 -> 10500000 | J15: =1/10*G15 -> 0
A16: 8 | B16: Sudarma Widya | C16: 28-09-21 | D16: ='17-2-26'!I16 -> 15310000 | H16: =SUM(F16:G16) -> 0 | I16: =D16-F16 -> 15310000 | J16: =1/10*G16 -> 0
A17: 9 | B17: Rahmadi | C17: 15-2-22 | D17: ='17-2-26'!I17 -> 6150000 | H17: =SUM(F17:G17) -> 0 | I17: =D17-F17 -> 6150000 | J17: =1/10*G17 -> 0
A18: 10 | B18: Ratmi | C18: 8-3-22 | D18: ='17-2-26'!I18 -> 12595000 | E18: 11 | G18: 400000 | H18: =SUM(F18:G18) -> 400000 | I18: =D18-F18 -> 12595000 | J18: =1/10*G18 -> 40000
A19: 11 | B19: Cipret | C19: 21-6-22 | D19: ='17-2-26'!I19 -> 3750000 | H19: =SUM(F19:G19) -> 0 | I19: =D19-F19 -> 3750000 | J19: =1/10*G19 -> 0
A20: 12 | B20: Ika Kurniasih | C20: 03-1-22 | D20: ='17-2-26'!I20 -> 42000000 | H20: =SUM(F20:G20) -> 0 | I20: =D20-F20 -> 42000000 | J20: =1/10*G20 -> 0
A21: 13 | B21: Kamto | C21: 28-2-23 | D21: ='17-2-26'!I21 -> 12680000 | H21: =SUM(F21:G21) -> 0 | I21: =D21-F21 -> 12680000 | J21: =1/10*G21 -> 0
A22: 14 | B22: Handi Cahyono | C22: 04-04-23 | D22: ='17-2-26'!I22 -> 0 | H22: =SUM(F22:G22) -> 0 | I22: =D22-F22 -> 0 | J22: =1/10*G22 -> 0
A23: 15 | B23: Hartati | C23: 04-04-23 | D23: ='17-2-26'!I23 -> 1500000 | H23: =SUM(F23:G23) -> 0 | I23: =D23-F23 -> 1500000 | J23: =1/10*G23 -> 0
A24: 16 | B24: Sartiyah | C24: 04-04-23 | D24: ='17-2-26'!I24 -> 600000 | H24: =SUM(F24:G24) -> 0 | I24: =D24-F24 -> 600000 | J24: =1/10*G24 -> 0
A25: 17 | B25: Dwi Vijjayanti | C25: 11-04-23 | D25: ='17-2-26'!I25 -> 22200000 | H25: =SUM(F25:G25) -> 0 | I25: =D25-F25 -> 22200000 | J25: =1/10*G25 -> 0
A26: 18 | B26: Marsinem | C26: 2-5-23 | D26: ='17-2-26'!I26 -> 3800000 | H26: =SUM(F26:G26) -> 0 | I26: =D26-F26 -> 3800000 | J26: =1/10*G26 -> 0
A27: 19 | B27: Suharjanto | C27: 11/7/23 | D27: ='17-2-26'!I27 -> 760000 | H27: =SUM(F27:G27) -> 0 | I27: =D27-F27 -> 760000 | J27: =1/10*G27 -> 0
A28: 20 | B28: Saliyah | C28: 18/7/23 | D28: ='17-2-26'!I28 -> 0 | H28: =SUM(F28:G28) -> 0 | I28: =D28-F28 -> 0 | J28: =1/10*G28 -> 0
A29: 21 | B29: Suminah | C29: 26-9-23 | D29: ='17-2-26'!I29 -> 0 | H29: =SUM(F29:G29) -> 0 | I29: =D29-F29 -> 0 | J29: =1/10*G29 -> 0
A30: 22 | B30: Leni | C30: 10-10-23 | D30: ='17-2-26'!I30 -> 2750000 | H30: =SUM(F30:G30) -> 0 | I30: =D30-F30 -> 2750000 | J30: =1/10*G30 -> 0
... A33: 25 | B33: Kami | C33: 9/1/24 | D33: ='17-2-26'!I33 -> 600000 | H33: =SUM(F33:G33) -> 0 | I33: =D33-F33 -> 600000 | J33: =1/10*G33 -> 0
A34: 26 | B34: Wahyuni | C34: 30/1/24 | D34: ='17-2-26'!I34 -> 2800000 | E34: 14 | F34: 400000 | G34: 160000 | H34: =SUM(F34:G34) -> 560000 | I34: =D34-F34 -> 2400000 | J34: =1/10*G34 -> 16000
A35: 27 | B35: Karsih | C35: 30/1/24 | D35: ='17-2-26'!I35 -> 3500000 | H35: =SUM(F35:G35) -> 0 | I35: =D35-F35 -> 3500000 | J35: =1/10*G35 -> 0
A36: 28 | B36: Painten Darwito | C36: 16/2/24 | D36: ='17-2-26'!I36 -> 9200000 | H36: =SUM(F36:G36) -> 0 | I36: =D36-F36 -> 9200000 | J36: =1/10*G36 -> 0
A37: 29 | B37: Karni | C37: 2/4/24 | D37: ='17-2-26'!I37 -> 1250000 | H37: =SUM(F37:G37) -> 0 | I37: =D37-F37 -> 1250000 | J37: =1/10*G37 -> 0
A38: 30 | B38: Siyo Dwiroso | C38: 16/4/24 | D38: ='17-2-26'!I38 -> 5800000 | H38: =SUM(F38:G38) -> 0 | I38: =D38-F38 -> 5800000 | J38: =1/10*G38 -> 0
A39: 31 | B39: Purwati | C39: 4/6/24 | D39: ='17-2-26'!I39 -> 14320000 | H39: =SUM(F39:G39) -> 0 | I39: =D39-F39 -> 14320000 | J39: =1/10*G39 -> 0
A40: 32 | B40: Tarsini | C40: 02/07/24 | D40: ='17-2-26'!I40 -> 200000 | H40: =SUM(F40:G40) -> 0 | I40: =D40-F40 -> 200000 | J40: =1/10*G40 -> 0
A41: 33 | B41: Santosa | C41: 09/07/24 | D41: ='17-2-26'!I41 -> 1800000 | H41: =SUM(F41:G41) -> 0 | I41: =D41-F41 -> 1800000 | J41: =1/10*G41 -> 0
A42: 34 | B42: Priyono | C42: 16/07/24 | D42: ='17-2-26'!I42 -> 1200000 | H42: =SUM(F42:G42) -> 0 | I42: =D42-F42 -> 1200000 | J42: =1/10*G42 -> 0
A43: 35 | B43: Karyono | C43: 30/07/24 | D43: ='17-2-26'!I43 -> 5250000 | H43: =SUM(F43:G43) -> 0 | I43: =D43-F43 -> 5250000 | J43: =1/10*G43 -> 0
A44: 36 | B44: Dwiyanto | C44: 06/08/24 | D44: ='17-2-26'!I44 -> 10320000 | H44: =SUM(F44:G44) -> 0 | I44: =D44-F44 -> 10320000 | J44: =1/10*G44 -> 0
A45: 37 | B45: Utami | C45: 20/08/24 | D45: ='17-2-26'!I45 -> 10875000 | H45: =SUM(F45:G45) -> 0 | I45: =D45-F45 -> 10875000 | J45: =1/10*G45 -> 0
A46: 38 | B46: Karjono | C46: 10/09/24 | D46: ='17-2-26'!I46 -> 450000 | H46: =SUM(F46:G46) -> 0 | I46: =D46-F46 -> 450000 | J46: =1/10*G46 -> 0
... A50: 42 | B50: Saroji | C50: 17/12/24 | D50: ='17-2-26'!I50 -> 0 | H50: =SUM(F50:G50) -> 0 | I50: =D50-F50 -> 0 | J50: =1/10*G50 -> 0
A51: 43 | B51: Minardi | C51: 21/1/25 | D51: ='17-2-26'!I51 -> 16400000 | E51: 8 | F51: 700000 | G51: 400000 | H51: =SUM(F51:G51) -> 1100000 | I51: =D51-F51 -> 15700000 | J51: =1/10*G51 -> 40000
A52: 44 | B52: Kuat Siti Kirana | C52: 28/1/25 | D52: ='17-2-26'!I52 -> 25000000 | H52: =SUM(F52:G52) -> 0 | I52: =D52-F52 -> 25000000 | J52: =1/10*G52 -> 0
A53: 45 | B53: Vijja Ratano | C53: 18/2/25 | D53: ='17-2-26'!I53 -> 100000 | E53: 10 | F53: 100000 | G53: 20000 | H53: =SUM(F53:G53) -> 120000 | I53: =D53-F53 -> 0 | J53: =1/10*G53 -> 2000
A54: 46 | B54: Suroto | C54: 18/2/25 | D54: ='17-2-26'!I54 -> 4800000 | H54: =SUM(F54:G54) -> 0 | I54: =D54-F54 -> 4800000 | J54: =1/10*G54 -> 0
A55: 47 | B55: Sono | C55: 25/2/25 | D55: ='17-2-26'!I55 -> 7460000 | H55: =SUM(F55:G55) -> 0 | I55: =D55-F55 -> 7460000 | J55: =1/10*G55 -> 0
A56: 48 | B56: Metta Candra D. | C56: 25/2/25 | D56: ='17-2-26'!I56 -> 400000 | H56: =SUM(F56:G56) -> 0 | I56: =D56-F56 -> 400000 | J56: =1/10*G56 -> 0
A57: 49 | B57: Mislam | C57: 25/2/25 | D57: ='17-2-26'!I57 -> 20000000 | H57: =SUM(F57:G57) -> 0 | I57: =D57-F57 -> 20000000 | J57: =1/10*G57 -> 0
A58: 50 | B58: Lewih | C58: 25/3/25 | D58: ='17-2-26'!I58 -> 1650000 | E58: 11 | F58: 335000 | G58: 100000 | H58: =SUM(F58:G58) -> 435000 | I58: =D58-F58 -> 1315000 | J58: =1/10*G58 -> 10000
A59: 51 | B59: Rusmini Bolot | C59: 8/4/25 | D59: ='17-2-26'!I59 -> 0 | H59: =SUM(F59:G59) -> 0 | I59: =D59-F59 -> 0 | J59: =1/10*G59 -> 0
A60: 52 | B60: Kadi | C60: 15/4/25 | D60: ='17-2-26'!I60 -> 3000000 | H60: =SUM(F60:G60) -> 0 | I60: =D60-F60 -> 3000000 | J60: =1/10*G60 -> 0
A61: 53 | B61: Marsito | C61: 27-5-25 | D61: ='17-2-26'!I61 -> 230000 | H61: =SUM(F61:G61) -> 0 | I61: =D61-F61 -> 230000 | J61: =1/10*G61 -> 0
A62: 54 | B62: Darwito | C62: 10-6-25 | D62: ='17-2-26'!I62 -> 0 | H62: =SUM(F62:G62) -> 0 | I62: =D62-F62 -> 0 | J62: =1/10*G62 -> 0
A63: 55 | B63: Manis | C63: 15r-7-25 | D63: ='17-2-26'!I63 -> 600000 | H63: =SUM(F63:G63) -> 0 | I63: =D63-F63 -> 600000 | J63: =1/10*G63 -> 0
A64: 56 | B64: Turyanto Madiono | C64: 12-8-25 | D64: ='17-2-26'!I64 -> 1350000 | H64: =SUM(F64:G64) -> 0 | I64: =D64-F64 -> 1350000 | J64: =1/10*G64 -> 0
A65: 57 | B65: Aniah Marsih | C65: 26/9/25 | D65: ='17-2-26'!I65 -> 5862000 | H65: =SUM(F65:G65) -> 0 | I65: =D65-F65 -> 5862000 | J65: =1/10*G65 -> 0
A66: 58 | B66: Ranem | C66: 26/9/25 | D66: ='17-2-26'!I66 -> 200000 | H66: =SUM(F66:G66) -> 0 | I66: =D66-F66 -> 200000 | J66: =1/10*G66 -> 0
A67: 59 | B67: Tato | C67: 18/11/25 | D67: ='17-2-26'!I67 -> 0 | H67: =SUM(F67:G67) -> 0 | I67: =D67-F67 -> 0 | J67: =1/10*G67 -> 0
A68: 60 | B68: Oruwasaton | C68: 24/2/26 | D68: 10000000 | H68: =SUM(F68:G68) -> 0 | I68: =D68-F68 -> 10000000 | J68: =1/10*G68 -> 0
A69: 61 | B69: Budi Rahayu | C69: 24/2/26 | D69: 50000000 | H69: =SUM(F69:G69) -> 0 | I69: =D69-F69 -> 50000000 | J69: =1/10*G69 -> 0
A70: 62 | B70: Waridi | C70: 24/2/26 | D70: 1000000 | H70: =SUM(F70:G70) -> 0 | I70: =D70-F70 -> 1000000 | J70: =1/10*G70 -> 0
A71: 63 | B71: Jumini | C71: 24/2/26 | D71: 3000000 | H71: =SUM(F71:G71) -> 0 | I71: =D71-F71 -> 3000000 | J71: =1/10*G71 -> 0
A72: 64 | B72: Vijja Ratano | C72: 24/2/26 | D72: 2000000 | H72: =SUM(F72:G72) -> 0 | I72: =D72-F72 -> 2000000 | J72: =1/10*G72 -> 0
A73: 65 | B73: Tukimin | C73: 24/2/26 | D73: 5000000 | H73: =SUM(F73:G73) -> 0 | I73: =D73-F73 -> 5000000 | J73: =1/10*G73 -> 0
D74: ='3-2-26'!I74 -> 0 | H74: =SUM(F74:G74) -> 0 | I74: =D74-F74 -> 0 | J74: =1/10*G74 -> 0
D75: ='3-2-26'!I75 -> 0 | H75: =SUM(F75:G75) -> 0 | I75: =D75-F75 -> 0 | J75: =1/10*G75 -> 0
D76: ='3-2-26'!I76 -> 0 | H76: =SUM(F76:G76) -> 0 | I76: =D76-F76 -> 0 | J76: =1/10*G76 -> 0
D77: ='3-2-26'!I77 -> 0 | H77: =SUM(F77:G77) -> 0 | I77: =D77-F77 -> 0 | J77: =1/10*G77 -> 0
D78: ='3-2-26'!I78 -> 0 | H78: =SUM(F78:G78) -> 0 | I78: =D78-F78 -> 0 | J78: =1/10*G78 -> 0
D79: ='3-2-26'!I79 -> 0 | H79: =SUM(F79:G79) -> 0 | I79: =D79-F79 -> 0 | J79: =1/10*G79 -> 0
D80: ='3-2-26'!I80 -> 0 | H80: =SUM(F80:G80) -> 0 | I80: =D80-F80 -> 0 | J80: =1/10*G80 -> 0
D81: ='3-2-26'!I81 -> 0 | H81: =SUM(F81:G81) -> 0 | I81: =D81-F81 -> 0 | J81: =1/10*G81 -> 0
D82: ='3-2-26'!I82 -> 0 | H82: =SUM(F82:G82) -> 0 | I82: =D82-F82 -> 0 | J82: =1/10*G82 -> 0
D83: ='3-2-26'!I83 -> 0 | H83: =SUM(F83:G83) -> 0 | I83: =D83-F83 -> 0 | J83: =1/10*G83 -> 0
D84: ='3-2-26'!I84 -> 0 | H84: =SUM(F84:G84) -> 0 | I84: =D84-F84 -> 0 | J84: =1/10*G84 -> 0
D85: ='3-2-26'!I85 -> 0 | H85: =SUM(F85:G85) -> 0 | I85: =D85-F85 -> 0 | J85: =1/10*G85 -> 0
... D186: ='3-2-26'!I186 -> 0 | H186: =SUM(F186:G186) -> 0 | I186: =D186-F186 -> 0 | J186: =1/10*G186 -> 0
B187: Jumlah | D187: =SUM(D9:D186) -> 434622000 | E187: =SUM(E9:E186) -> 54 | F187: =SUM(F9:F186) -> 1535000 | G187: =SUM(G9:G186) -> 1080000 | H187: =SUM(H9:H186) -> 2615000 | I187: =SUM(I9:I186) -> 433087000 | J187: =SUM(J9:J186) -> 108000
B189: Catatan | C189: :
B190: Total jasa | C190: ; Rp | D190: =G187 -> 1080000 | F190: Windusari, 24 Februari 2026
B191: Tiap bagian | C191: ; Rp | D191: =D190/20 -> 54000 | F191: Pengurus KSU "CAHAYA DHAMMA PHALA"
B192: Rincian | C192: ; | F192: Ketua | H192: Bendahara
B193: Japinup | C193: ; Rp | D193: =11*D191 -> 594000
B194: Dana Sosial | C194: ; Rp | D194: =1/2*D191 -> 27000
B195: Dana Pendidikan | C195: ; Rp | D195: =1/2*D191 -> 27000
B196: Dana CRK | C196: ; Rp | D196: =1/2*D191 -> 27000
B197: Dana Pembangunan | C197: ; Rp | D197: =1/2*D191 -> 27000 | F197: Waridi | H197: Oru Wasaton
B198: SWK | C198: ; Rp | D198: =2*D191 -> 108000
B199: Dana Kesra | C199: ; Rp | D199: =5*D191 -> 270000
B200: Jumlah | C200: ; Rp | D200: =SUM(D193:D199) -> 1080000

Sheet 4-3-26
A1: KOPERASI SERBA USAHA "CAHAYA DHAMMA PHALA"
A2: Badan Hukum No. 2/BH/XIV.1/II/2016 Tanggal 5 Februari 2016
A3: Dukuh Windusari, Desa Sokaraja, Kec. Pagentan, Kab. Banjarnegara 53455
A5: BUKU ANGSURAN PINJAMAN ANGGOTA
A6: Per 4 Maret 2026
A7: NO. | B7: NAMA | C7: TGL | E7: ANGSURAN PINJAMAN | I7: SISA | J7: SWK
E8: KE | F8: POKOK | G8: JASA | H8: JUMLAH
A9: 1 | B9: Suryadi | C9: 4-4-17 | D9: ='24-2-26'!I9 -> 5500000 | H9: =SUM(F9:G9) -> 0 | I9: =D9-F9 -> 5500000 | J9: =1/10*G9 -> 0
A10: 2 | B10: Waginah | C10: 16-5-17 | D10: ='24-2-26'!I10 -> 1910000 | H10: =SUM(F10:G10) -> 0 | I10: =D10-F10 -> 1910000 | J10: =1/10*G10 -> 0
A11: 3 | B11: Tarmono | C11: 18-8-20 | D11: ='24-2-26'!I11 -> 0 | H11: =SUM(F11:G11) -> 0 | I11: =D11-F11 -> 0 | J11: =1/10*G11 -> 0
A12: 4 | B12: Juliyah | C12: 2-2-21 | D12: ='24-2-26'!I12 -> 13750000 | H12: =SUM(F12:G12) -> 0 | I12: =D12-F12 -> 13750000 | J12: =1/10*G12 -> 0
A13: 5 | B13: Purwadi | C13: 14-03-21 | D13: ='24-2-26'!I13 -> 19950000 | H13: =SUM(F13:G13) -> 0 | I13: =D13-F13 -> 19950000 | J13: =1/10*G13 -> 0
A14: 6 | B14: Waluyo Ragil | C14: 27-04-21 | D14: ='24-2-26'!I14 -> 100000 | H14: =SUM(F14:G14) -> 0 | I14: =D14-F14 -> 100000 | J14: =1/10*G14 -> 0
A15: 7 | B15: Sapdono | C15: 24-8-23 | D15: ='24-2-26'!I15 -> 10500000 | H15: =SUM(F15:G15) -> 0 | I15: =D15-F15 -> 10500000 | J15: =1/10*G15 -> 0
A16: 8 | B16: Sudarma Widya | C16: 28-09-21 | D16: ='24-2-26'!I16 -> 15310000 | H16: =SUM(F16:G16) -> 0 | I16: =D16-F16 -> 15310000 | J16: =1/10*G16 -> 0
A17: 9 | B17: Rahmadi | C17: 15-2-22 | D17: ='24-2-26'!I17 -> 6150000 | H17: =SUM(F17:G17) -> 0 | I17: =D17-F17 -> 6150000 | J17: =1/10*G17 -> 0
A18: 10 | B18: Ratmi | C18: 8-3-22 | D18: ='24-2-26'!I18 -> 12595000 | H18: =SUM(F18:G18) -> 0 | I18: =D18-F18 -> 12595000 | J18: =1/10*G18 -> 0
A19: 11 | B19: Cipret | C19: 21-6-22 | D19: ='24-2-26'!I19 -> 3750000 | H19: =SUM(F19:G19) -> 0 | I19: =D19-F19 -> 3750000 | J19: =1/10*G19 -> 0
A20: 12 | B20: Ika Kurniasih | C20: 03-1-22 | D20: ='24-2-26'!I20 -> 42000000 | H20: =SUM(F20:G20) -> 0 | I20: =D20-F20 -> 42000000 | J20: =1/10*G20 -> 0
... A40: 32 | B40: Tarsini | C40: 02/07/24 | D40: ='24-2-26'!I40 -> 200000 | H40: =SUM(F40:G40) -> 0 | I40: =D40-F40 -> 200000 | J40: =1/10*G40 -> 0
A41: 33 | B41: Santosa | C41: 09/07/24 | D41: ='24-2-26'!I41 -> 1800000 | E41: 13 | F41: 300000 | G41: 120000 | H41: =SUM(F41:G41) -> 420000 | I41: =D41-F41 -> 1500000 | J41: =1/10*G41 -> 12000
A42: 34 | B42: Priyono | C42: 16/07/24 | D42: ='24-2-26'!I42 -> 1200000 | H42: =SUM(F42:G42) -> 0 | I42: =D42-F42 -> 1200000 | J42: =1/10*G42 -> 0
A43: 35 | B43: Karyono | C43: 30/07/24 | D43: ='24-2-26'!I43 -> 5250000 | H43: =SUM(F43:G43) -> 0 | I43: =D43-F43 -> 5250000 | J43: =1/10*G43 -> 0
A44: 36 | B44: Dwiyanto | C44: 06/08/24 | D44: ='24-2-26'!I44 -> 10320000 | H44: =SUM(F44:G44) -> 0 | I44: =D44-F44 -> 10320000 | J44: =1/10*G44 -> 0
A45: 37 | B45: Utami | C45: 20/08/24 | D45: ='24-2-26'!I45 -> 10875000 | H45: =SUM(F45:G45) -> 0 | I45: =D45-F45 -> 10875000 | J45: =1/10*G45 -> 0
A46: 38 | B46: Karjono | C46: 10/09/24 | D46: ='24-2-26'!I46 -> 450000 | H46: =SUM(F46:G46) -> 0 | I46: =D46-F46 -> 450000 | J46: =1/10*G46 -> 0
A47: 39 | B47: Kuswono Katam | C47: 05/11/24 | D47: ='24-2-26'!I47 -> 9600000 | H47: =SUM(F47:G47) -> 0 | I47: =D47-F47 -> 9600000 | J47: =1/10*G47 -> 0
A48: 40 | B48: Sarijem | C48: 05/11/24 | D48: ='24-2-26'!I48 -> 1000000 | H48: =SUM(F48:G48) -> 0 | I48: =D48-F48 -> 1000000 | J48: =1/10*G48 -> 0
A49: 41 | B49: Nisem | C49: 03/12/24 | D49: ='24-2-26'!I49 -> 9600000 | H49: =SUM(F49:G49) -> 0 | I49: =D49-F49 -> 9600000 | J49: =1/10*G49 -> 0
A50: 42 | B50: Saroji | C50: 17/12/24 | D50: ='24-2-26'!I50 -> 0 | H50: =SUM(F50:G50) -> 0 | I50: =D50-F50 -> 0 | J50: =1/10*G50 -> 0
A51: 43 | B51: Minardi | C51: 21/1/25 | D51: ='24-2-26'!I51 -> 15700000 | H51: =SUM(F51:G51) -> 0 | I51: =D51-F51 -> 15700000 | J51: =1/10*G51 -> 0
A52: 44 | B52: Kuat Siti Kirana | C52: 28/1/25 | D52: ='24-2-26'!I52 -> 25000000 | H52: =SUM(F52:G52) -> 0 | I52: =D52-F52 -> 25000000 | J52: =1/10*G52 -> 0
A53: 45 | B53: Vijja Ratano | C53: 18/2/25 | D53: ='24-2-26'!I53 -> 0 | H53: =SUM(F53:G53) -> 0 | I53: =D53-F53 -> 0 | J53: =1/10*G53 -> 0
... A72: 64 | B72: Vijja Ratano | C72: 24/2/26 | D72: ='24-2-26'!I72 -> 2000000 | H72: =SUM(F72:G72) -> 0 | I72: =D72-F72 -> 2000000 | J72: =1/10*G72 -> 0
A73: 65 | B73: Tukimin | C73: 24/2/26 | D73: 5000000 | H73: =SUM(F73:G73) -> 0 | I73: =D73-F73 -> 5000000 | J73: =1/10*G73 -> 0
A74: 66 | B74: Hartini | C74: 4/3/26 | D74: 4000000 | H74: =SUM(F74:G74) -> 0 | I74: =D74-F74 -> 4000000 | J74: =1/10*G74 -> 0
A75: 67 | B75: Suminah | C75: 4/3/26 | D75: 3000000 | H75: =SUM(F75:G75) -> 0 | I75: =D75-F75 -> 3000000 | J75: =1/10*G75 -> 0
D76: ='3-2-26'!I75 -> 0 | H76: =SUM(F76:G76) -> 0 | I76: =D76-F76 -> 0 | J76: =1/10*G76 -> 0
D77: ='3-2-26'!I76 -> 0 | H77: =SUM(F77:G77) -> 0 | I77: =D77-F77 -> 0 | J77: =1/10*G77 -> 0
D78: ='3-2-26'!I77 -> 0 | H78: =SUM(F78:G78) -> 0 | I78: =D78-F78 -> 0 | J78: =1/10*G78 -> 0
D79: ='3-2-26'!I78 -> 0 | H79: =SUM(F79:G79) -> 0 | I79: =D79-F79 -> 0 | J79: =1/10*G79 -> 0
D80: ='3-2-26'!I79 -> 0 | H80: =SUM(F80:G80) -> 0 | I80: =D80-F80 -> 0 | J80: =1/10*G80 -> 0
D81: ='3-2-26'!I80 -> 0 | H81: =SUM(F81:G81) -> 0 | I81: =D81-F81 -> 0 | J81: =1/10*G81 -> 0
D82: ='3-2-26'!I81 -> 0 | H82: =SUM(F82:G82) -> 0 | I82: =D82-F82 -> 0 | J82: =1/10*G82 -> 0
D83: ='3-2-26'!I82 -> 0 | H83: =SUM(F83:G83) -> 0 | I83: =D83-F83 -> 0 | J83: =1/10*G83 -> 0
D84: ='3-2-26'!I83 -> 0 | H84: =SUM(F84:G84) -> 0 | I84: =D84-F84 -> 0 | J84: =1/10*G84 -> 0
D85: ='3-2-26'!I84 -> 0 | H85: =SUM(F85:G85) -> 0 | I85: =D85-F85 -> 0 | J85: =1/10*G85 -> 0
D86: ='3-2-26'!I85 -> 0 | H86: =SUM(F86:G86) -> 0 | I86: =D86-F86 -> 0 | J86: =1/10*G86 -> 0
D87: ='3-2-26'!I86 -> 0 | H87: =SUM(F87:G87) -> 0 | I87: =D87-F87 -> 0 | J87: =1/10*G87 -> 0
... D187: ='3-2-26'!I186 -> 0 | H187: =SUM(F187:G187) -> 0 | I187: =D187-F187 -> 0 | J187: =1/10*G187 -> 0
B188: Jumlah | D188: =SUM(D9:D187) -> 440087000 | E188: =SUM(E9:E187) -> 13 | F188: =SUM(F9:F187) -> 300000 | G188: =SUM(G9:G187) -> 120000 | H188: =SUM(H9:H187) -> 420000 | I188: =SUM(I9:I187) -> 439787000 | J188: =SUM(J9:J187) -> 12000
B190: Catatan | C190: :
B191: Total jasa | C191: ; Rp | D191: =G188 -> 120000 | F191: Windusari, 4 Maret 2026
B192: Tiap bagian | C192: ; Rp | D192: =D191/20 -> 6000 | F192: Pengurus KSU "CAHAYA DHAMMA PHALA"
B193: Rincian | C193: ; | F193: Ketua | H193: Bendahara
B194: Japinup | C194: ; Rp | D194: =11*D192 -> 66000
B195: Dana Sosial | C195: ; Rp | D195: =1/2*D192 -> 3000
B196: Dana Pendidikan | C196: ; Rp | D196: =1/2*D192 -> 3000
B197: Dana CRK | C197: ; Rp | D197: =1/2*D192 -> 3000
B198: Dana Pembangunan | C198: ; Rp | D198: =1/2*D192 -> 3000 | F198: Waridi | H198: Oru Wasaton
B199: SWK | C199: ; Rp | D199: =2*D192 -> 12000
B200: Dana Kesra | C200: ; Rp | D200: =5*D192 -> 30000
B201: Jumlah | C201: ; Rp | D201: =SUM(D194:D200) -> 120000

Sheet 10-3-26
A1: KOPERASI SERBA USAHA "CAHAYA DHAMMA PHALA"
A2: Badan Hukum No. 2/BH/XIV.1/II/2016 Tanggal 5 Februari 2016
A3: Dukuh Windusari, Desa Sokaraja, Kec. Pagentan, Kab. Banjarnegara 53455
A5: BUKU ANGSURAN PINJAMAN ANGGOTA
A6: Per 10 Maret 2026
A7: NO. | B7: NAMA | C7: TGL | E7: ANGSURAN PINJAMAN | I7: SISA | J7: SWK
E8: KE | F8: POKOK | G8: JASA | H8: JUMLAH
A9: 1 | B9: Suryadi | C9: 4-4-17 | D9: ='4-3-26'!I9 -> 5500000 | H9: =SUM(F9:G9) -> 0 | I9: =D9-F9 -> 5500000 | J9: =1/10*G9 -> 0
A10: 2 | B10: Waginah | C10: 16-5-17 | D10: ='4-3-26'!I10 -> 1910000 | H10: =SUM(F10:G10) -> 0 | I10: =D10-F10 -> 1910000 | J10: =1/10*G10 -> 0
A11: 3 | B11: Tarmono | C11: 18-8-20 | D11: ='4-3-26'!I11 -> 0 | H11: =SUM(F11:G11) -> 0 | I11: =D11-F11 -> 0 | J11: =1/10*G11 -> 0
A12: 4 | B12: Juliyah | C12: 2-2-21 | D12: ='4-3-26'!I12 -> 13750000 | H12: =SUM(F12:G12) -> 0 | I12: =D12-F12 -> 13750000 | J12: =1/10*G12 -> 0
A13: 5 | B13: Purwadi | C13: 14-03-21 | D13: ='4-3-26'!I13 -> 19950000 | H13: =SUM(F13:G13) -> 0 | I13: =D13-F13 -> 19950000 | J13: =1/10*G13 -> 0
A14: 6 | B14: Waluyo Ragil | C14: 27-04-21 | D14: ='4-3-26'!I14 -> 100000 | H14: =SUM(F14:G14) -> 0 | I14: =D14-F14 -> 100000 | J14: =1/10*G14 -> 0
A15: 7 | B15: Sapdono | C15: 24-8-23 | D15: ='4-3-26'!I15 -> 10500000 | H15: =SUM(F15:G15) -> 0 | I15: =D15-F15 -> 10500000 | J15: =1/10*G15 -> 0
A16: 8 | B16: Sudarma Widya | C16: 28-09-21 | D16: ='4-3-26'!I16 -> 15310000 | H16: =SUM(F16:G16) -> 0 | I16: =D16-F16 -> 15310000 | J16: =1/10*G16 -> 0
A17: 9 | B17: Rahmadi | C17: 15-2-22 | D17: ='4-3-26'!I17 -> 6150000 | H17: =SUM(F17:G17) -> 0 | I17: =D17-F17 -> 6150000 | J17: =1/10*G17 -> 0
A18: 10 | B18: Ratmi | C18: 8-3-22 | D18: ='4-3-26'!I18 -> 12595000 | H18: =SUM(F18:G18) -> 0 | I18: =D18-F18 -> 12595000 | J18: =1/10*G18 -> 0
A19: 11 | B19: Cipret | C19: 21-6-22 | D19: ='4-3-26'!I19 -> 3750000 | H19: =SUM(F19:G19) -> 0 | I19: =D19-F19 -> 3750000 | J19: =1/10*G19 -> 0
A20: 12 | B20: Ika Kurniasih | C20: 03-1-22 | D20: ='4-3-26'!I20 -> 42000000 | H20: =SUM(F20:G20) -> 0 | I20: =D20-F20 -> 42000000 | J20: =1/10*G20 -> 0
... A39: 31 | B39: Purwati | C39: 4/6/24 | D39: ='4-3-26'!I39 -> 14320000 | H39: =SUM(F39:G39) -> 0 | I39: =D39-F39 -> 14320000 | J39: =1/10*G39 -> 0
A40: 32 | B40: Tarsini | C40: 02/07/24 | D40: ='4-3-26'!I40 -> 200000 | E40: 15 | F40: 200000 | G40: 60000 | H40: =SUM(F40:G40) -> 260000 | I40: =D40-F40 -> 0 | J40: =1/10*G40 -> 6000
A41: 33 | B41: Santosa | C41: 09/07/24 | D41: ='4-3-26'!I41 -> 1500000 | H41: =SUM(F41:G41) -> 0 | I41: =D41-F41 -> 1500000 | J41: =1/10*G41 -> 0
A42: 34 | B42: Priyono | C42: 16/07/24 | D42: ='4-3-26'!I42 -> 1200000 | H42: =SUM(F42:G42) -> 0 | I42: =D42-F42 -> 1200000 | J42: =1/10*G42 -> 0
A43: 35 | B43: Karyono | C43: 30/07/24 | D43: ='4-3-26'!I43 -> 5250000 | H43: =SUM(F43:G43) -> 0 | I43: =D43-F43 -> 5250000 | J43: =1/10*G43 -> 0
A44: 36 | B44: Dwiyanto | C44: 06/08/24 | D44: ='4-3-26'!I44 -> 10320000 | H44: =SUM(F44:G44) -> 0 | I44: =D44-F44 -> 10320000 | J44: =1/10*G44 -> 0
A45: 37 | B45: Utami | C45: 20/08/24 | D45: ='4-3-26'!I45 -> 10875000 | H45: =SUM(F45:G45) -> 0 | I45: =D45-F45 -> 10875000 | J45: =1/10*G45 -> 0
A46: 38 | B46: Karjono | C46: 10/09/24 | D46: ='4-3-26'!I46 -> 450000 | H46: =SUM(F46:G46) -> 0 | I46: =D46-F46 -> 450000 | J46: =1/10*G46 -> 0
A47: 39 | B47: Kuswono Katam | C47: 05/11/24 | D47: ='4-3-26'!I47 -> 9600000 | E47: 9 | F47: 300000 | G47: 240000 | H47: =SUM(F47:G47) -> 540000 | I47: =D47-F47 -> 9300000 | J47: =1/10*G47 -> 24000
A48: 40 | B48: Sarijem | C48: 05/11/24 | D48: ='4-3-26'!I48 -> 1000000 | H48: =SUM(F48:G48) -> 0 | I48: =D48-F48 -> 1000000 | J48: =1/10*G48 -> 0
A49: 41 | B49: Nisem | C49: 03/12/24 | D49: ='4-3-26'!I49 -> 9600000 | H49: =SUM(F49:G49) -> 0 | I49: =D49-F49 -> 9600000 | J49: =1/10*G49 -> 0
A50: 42 | B50: Saroji | C50: 17/12/24 | D50: ='4-3-26'!I50 -> 0 | H50: =SUM(F50:G50) -> 0 | I50: =D50-F50 -> 0 | J50: =1/10*G50 -> 0
A51: 43 | B51: Minardi | C51: 21/1/25 | D51: ='4-3-26'!I51 -> 15700000 | H51: =SUM(F51:G51) -> 0 | I51: =D51-F51 -> 15700000 | J51: =1/10*G51 -> 0
A52: 44 | B52: Kuat Siti Kirana | C52: 28/1/25 | D52: ='4-3-26'!I52 -> 25000000 | H52: =SUM(F52:G52) -> 0 | I52: =D52-F52 -> 25000000 | J52: =1/10*G52 -> 0
A53: 45 | B53: Vijja Ratano | C53: 18/2/25 | D53: ='4-3-26'!I53 -> 0 | H53: =SUM(F53:G53) -> 0 | I53: =D53-F53 -> 0 | J53: =1/10*G53 -> 0
A54: 46 | B54: Suroto | C54: 18/2/25 | D54: ='4-3-26'!I54 -> 4800000 | H54: =SUM(F54:G54) -> 0 | I54: =D54-F54 -> 4800000 | J54: =1/10*G54 -> 0
A55: 47 | B55: Sono | C55: 25/2/25 | D55: ='4-3-26'!I55 -> 7460000 | H55: =SUM(F55:G55) -> 0 | I55: =D55-F55 -> 7460000 | J55: =1/10*G55 -> 0
A56: 48 | B56: Metta Candra D. | C56: 25/2/25 | D56: ='4-3-26'!I56 -> 400000 | H56: =SUM(F56:G56) -> 0 | I56: =D56-F56 -> 400000 | J56: =1/10*G56 -> 0
A57: 49 | B57: Mislam | C57: 25/2/25 | D57: ='4-3-26'!I57 -> 20000000 | H57: =SUM(F57:G57) -> 0 | I57: =D57-F57 -> 20000000 | J57: =1/10*G57 -> 0
A58: 50 | B58: Lewih | C58: 25/3/25 | D58: ='4-3-26'!I58 -> 1315000 | H58: =SUM(F58:G58) -> 0 | I58: =D58-F58 -> 1315000 | J58: =1/10*G58 -> 0
A59: 51 | B59: Rusmini Bolot | C59: 8/4/25 | D59: ='4-3-26'!I59 -> 0 | H59: =SUM(F59:G59) -> 0 | I59: =D59-F59 -> 0 | J59: =1/10*G59 -> 0
... A70: 62 | B70: Waridi | C70: 24/2/26 | D70: ='4-3-26'!I70 -> 1000000 | H70: =SUM(F70:G70) -> 0 | I70: =D70-F70 -> 1000000 | J70: =1/10*G70 -> 0
A71: 63 | B71: Jumini | C71: 24/2/26 | D71: ='4-3-26'!I71 -> 3000000 | E71: 1 | F71: 500000 | G71: 60000 | H71: =SUM(F71:G71) -> 560000 | I71: =D71-F71 -> 2500000 | J71: =1/10*G71 -> 6000
A72: 64 | B72: Vijja Ratano | C72: 24/2/26 | D72: ='4-3-26'!I72 -> 2000000 | H72: =SUM(F72:G72) -> 0 | I72: =D72-F72 -> 2000000 | J72: =1/10*G72 -> 0
A73: 65 | B73: Tukimin | C73: 24/2/26 | D73: 5000000 | H73: =SUM(F73:G73) -> 0 | I73: =D73-F73 -> 5000000 | J73: =1/10*G73 -> 0
A74: 66 | B74: Hartini | C74: 4/3/26 | D74: 4000000 | H74: =SUM(F74:G74) -> 0 | I74: =D74-F74 -> 4000000 | J74: =1/10*G74 -> 0
A75: 67 | B75: Suminah | C75: 4/3/26 | D75: 3000000 | H75: =SUM(F75:G75) -> 0 | I75: =D75-F75 -> 3000000 | J75: =1/10*G75 -> 0
A76: 68 | B76: Slamet Suwanto | C76: 10/3/26 | D76: 1100000 | H76: =SUM(F76:G76) -> 0 | I76: =D76-F76 -> 1100000 | J76: =1/10*G76 -> 0
A77: 69 | B77: Mursono | C77: 10/3/26 | D77: 5000000 | H77: =SUM(F77:G77) -> 0 | I77: =D77-F77 -> 5000000 | J77: =1/10*G77 -> 0
D78: ='4-3-26'!I78 -> 0 | H78: =SUM(F78:G78) -> 0 | I78: =D78-F78 -> 0 | J78: =1/10*G78 -> 0
D79: ='4-3-26'!I79 -> 0 | H79: =SUM(F79:G79) -> 0 | I79: =D79-F79 -> 0 | J79: =1/10*G79 -> 0
D80: ='4-3-26'!I80 -> 0 | H80: =SUM(F80:G80) -> 0 | I80: =D80-F80 -> 0 | J80: =1/10*G80 -> 0
D81: ='4-3-26'!I81 -> 0 | H81: =SUM(F81:G81) -> 0 | I81: =D81-F81 -> 0 | J81: =1/10*G81 -> 0
D82: ='4-3-26'!I82 -> 0 | H82: =SUM(F82:G82) -> 0 | I82: =D82-F82 -> 0 | J82: =1/10*G82 -> 0
D83: ='4-3-26'!I83 -> 0 | H83: =SUM(F83:G83) -> 0 | I83: =D83-F83 -> 0 | J83: =1/10*G83 -> 0
D84: ='4-3-26'!I84 -> 0 | H84: =SUM(F84:G84) -> 0 | I84: =D84-F84 -> 0 | J84: =1/10*G84 -> 0
D85: ='4-3-26'!I85 -> 0 | H85: =SUM(F85:G85) -> 0 | I85: =D85-F85 -> 0 | J85: =1/10*G85 -> 0
D86: ='4-3-26'!I86 -> 0 | H86: =SUM(F86:G86) -> 0 | I86: =D86-F86 -> 0 | J86: =1/10*G86 -> 0
D87: ='4-3-26'!I87 -> 0 | H87: =SUM(F87:G87) -> 0 | I87: =D87-F87 -> 0 | J87: =1/10*G87 -> 0
D88: ='4-3-26'!I88 -> 0 | H88: =SUM(F88:G88) -> 0 | I88: =D88-F88 -> 0 | J88: =1/10*G88 -> 0
D89: ='4-3-26'!I89 -> 0 | H89: =SUM(F89:G89) -> 0 | I89: =D89-F89 -> 0 | J89: =1/10*G89 -> 0
... D187: ='4-3-26'!I187 -> 0 | H187: =SUM(F187:G187) -> 0 | I187: =D187-F187 -> 0 | J187: =1/10*G187 -> 0
B188: Jumlah | D188: =SUM(D9:D187) -> 445887000 | E188: =SUM(E9:E187) -> 25 | F188: =SUM(F9:F187) -> 1000000 | G188: =SUM(G9:G187) -> 360000 | H188: =SUM(H9:H187) -> 1360000 | I188: =SUM(I9:I187) -> 444887000 | J188: =SUM(J9:J187) -> 36000
B190: Catatan | C190: :
B191: Total jasa | C191: ; Rp | D191: =G188 -> 360000 | F191: Windusari, 10 Maret 2026
B192: Tiap bagian | C192: ; Rp | D192: =D191/20 -> 18000 | F192: Pengurus KSU "CAHAYA DHAMMA PHALA"
B193: Rincian | C193: ; | F193: Ketua | H193: Bendahara
B194: Japinup | C194: ; Rp | D194: =11*D192 -> 198000
B195: Dana Sosial | C195: ; Rp | D195: =1/2*D192 -> 9000
B196: Dana Pendidikan | C196: ; Rp | D196: =1/2*D192 -> 9000
B197: Dana CRK | C197: ; Rp | D197: =1/2*D192 -> 9000
B198: Dana Pembangunan | C198: ; Rp | D198: =1/2*D192 -> 9000 | F198: Waridi | H198: Oru Wasaton
B199: SWK | C199: ; Rp | D199: =2*D192 -> 36000
B200: Dana Kesra | C200: ; Rp | D200: =5*D192 -> 90000
B201: Jumlah | C201: ; Rp | D201: =SUM(D194:D200) -> 360000

Sheet 17-3-26
A1: KOPERASI SERBA USAHA "CAHAYA DHAMMA PHALA"
A2: Badan Hukum No. 2/BH/XIV.1/II/2016 Tanggal 5 Februari 2016
A3: Dukuh Windusari, Desa Sokaraja, Kec. Pagentan, Kab. Banjarnegara 53455
A5: BUKU ANGSURAN PINJAMAN ANGGOTA
A6: Per 17 Maret 2026
A7: NO. | B7: NAMA | C7: TGL | E7: ANGSURAN PINJAMAN | I7: SISA | J7: SWK
E8: KE | F8: POKOK | G8: JASA | H8: JUMLAH
A9: 1 | B9: Suryadi | C9: 4-4-17 | D9: ='10-3-26'!I9 -> 5500000 | H9: =SUM(F9:G9) -> 0 | I9: =D9-F9 -> 5500000 | J9: =1/10*G9 -> 0
A10: 2 | B10: Waginah | C10: 16-5-17 | D10: ='10-3-26'!I10 -> 1910000 | H10: =SUM(F10:G10) -> 0 | I10: =D10-F10 -> 1910000 | J10: =1/10*G10 -> 0
A11: 3 | B11: Tarmono | C11: 18-8-20 | D11: ='10-3-26'!I11 -> 0 | H11: =SUM(F11:G11) -> 0 | I11: =D11-F11 -> 0 | J11: =1/10*G11 -> 0
A12: 4 | B12: Juliyah | C12: 2-2-21 | D12: ='10-3-26'!I12 -> 13750000 | H12: =SUM(F12:G12) -> 0 | I12: =D12-F12 -> 13750000 | J12: =1/10*G12 -> 0
A13: 5 | B13: Purwadi | C13: 14-03-21 | D13: ='10-3-26'!I13 -> 19950000 | H13: =SUM(F13:G13) -> 0 | I13: =D13-F13 -> 19950000 | J13: =1/10*G13 -> 0
A14: 6 | B14: Waluyo Ragil | C14: 27-04-21 | D14: ='10-3-26'!I14 -> 100000 | H14: =SUM(F14:G14) -> 0 | I14: =D14-F14 -> 100000 | J14: =1/10*G14 -> 0
A15: 7 | B15: Sapdono | C15: 24-8-23 | D15: ='10-3-26'!I15 -> 10500000 | H15: =SUM(F15:G15) -> 0 | I15: =D15-F15 -> 10500000 | J15: =1/10*G15 -> 0
A16: 8 | B16: Sudarma Widya | C16: 28-09-21 | D16: ='10-3-26'!I16 -> 15310000 | H16: =SUM(F16:G16) -> 0 | I16: =D16-F16 -> 15310000 | J16: =1/10*G16 -> 0
A17: 9 | B17: Rahmadi | C17: 15-2-22 | D17: ='10-3-26'!I17 -> 6150000 | H17: =SUM(F17:G17) -> 0 | I17: =D17-F17 -> 6150000 | J17: =1/10*G17 -> 0
A18: 10 | B18: Ratmi | C18: 8-3-22 | D18: ='10-3-26'!I18 -> 12595000 | H18: =SUM(F18:G18) -> 0 | I18: =D18-F18 -> 12595000 | J18: =1/10*G18 -> 0
A19: 11 | B19: Cipret | C19: 21-6-22 | D19: ='10-3-26'!I19 -> 3750000 | H19: =SUM(F19:G19) -> 0 | I19: =D19-F19 -> 3750000 | J19: =1/10*G19 -> 0
A20: 12 | B20: Ika Kurniasih | C20: 03-1-22 | D20: ='10-3-26'!I20 -> 42000000 | H20: =SUM(F20:G20) -> 0 | I20: =D20-F20 -> 42000000 | J20: =1/10*G20 -> 0
... A45: 37 | B45: Utami | C45: 20/08/24 | D45: ='10-3-26'!I45 -> 10875000 | H45: =SUM(F45:G45) -> 0 | I45: =D45-F45 -> 10875000 | J45: =1/10*G45 -> 0
A46: 38 | B46: Karjono | C46: 10/09/24 | D46: ='10-3-26'!I46 -> 450000 | E46: 18 | F46: 150000 | G46: 60000 | H46: =SUM(F46:G46) -> 210000 | I46: =D46-F46 -> 300000 | J46: =1/10*G46 -> 6000
A47: 39 | B47: Kuswono Katam | C47: 05/11/24 | D47: ='10-3-26'!I47 -> 9300000 | H47: =SUM(F47:G47) -> 0 | I47: =D47-F47 -> 9300000 | J47: =1/10*G47 -> 0
A48: 40 | B48: Sarijem | C48: 05/11/24 | D48: ='10-3-26'!I48 -> 1000000 | H48: =SUM(F48:G48) -> 0 | I48: =D48-F48 -> 1000000 | J48: =1/10*G48 -> 0
A49: 41 | B49: Nisem | C49: 03/12/24 | D49: ='10-3-26'!I49 -> 9600000 | H49: =SUM(F49:G49) -> 0 | I49: =D49-F49 -> 9600000 | J49: =1/10*G49 -> 0
A50: 42 | B50: Saroji | C50: 17/12/24 | D50: ='10-3-26'!I50 -> 0 | H50: =SUM(F50:G50) -> 0 | I50: =D50-F50 -> 0 | J50: =1/10*G50 -> 0
A51: 43 | B51: Minardi | C51: 21/1/25 | D51: ='10-3-26'!I51 -> 15700000 | H51: =SUM(F51:G51) -> 0 | I51: =D51-F51 -> 15700000 | J51: =1/10*G51 -> 0
A52: 44 | B52: Kuat Siti Kirana | C52: 28/1/25 | D52: ='10-3-26'!I52 -> 25000000 | H52: =SUM(F52:G52) -> 0 | I52: =D52-F52 -> 25000000 | J52: =1/10*G52 -> 0
A53: 45 | B53: Vijja Ratano | C53: 18/2/25 | D53: ='10-3-26'!I53 -> 0 | H53: =SUM(F53:G53) -> 0 | I53: =D53-F53 -> 0 | J53: =1/10*G53 -> 0
A54: 46 | B54: Suroto | C54: 18/2/25 | D54: ='10-3-26'!I54 -> 4800000 | H54: =SUM(F54:G54) -> 0 | I54: =D54-F54 -> 4800000 | J54: =1/10*G54 -> 0
A55: 47 | B55: Sono | C55: 25/2/25 | D55: ='10-3-26'!I55 -> 7460000 | H55: =SUM(F55:G55) -> 0 | I55: =D55-F55 -> 7460000 | J55: =1/10*G55 -> 0
A56: 48 | B56: Metta Candra D. | C56: 25/2/25 | D56: ='10-3-26'!I56 -> 400000 | H56: =SUM(F56:G56) -> 0 | I56: =D56-F56 -> 400000 | J56: =1/10*G56 -> 0
A57: 49 | B57: Mislam | C57: 25/2/25 | D57: ='10-3-26'!I57 -> 20000000 | H57: =SUM(F57:G57) -> 0 | I57: =D57-F57 -> 20000000 | J57: =1/10*G57 -> 0
A58: 50 | B58: Lewih | C58: 25/3/25 | D58: ='10-3-26'!I58 -> 1315000 | H58: =SUM(F58:G58) -> 0 | I58: =D58-F58 -> 1315000 | J58: =1/10*G58 -> 0
... A62: 54 | B62: Darwito | C62: 10-6-25 | D62: ='10-3-26'!I62 -> 0 | H62: =SUM(F62:G62) -> 0 | I62: =D62-F62 -> 0 | J62: =1/10*G62 -> 0
A63: 55 | B63: Manis | C63: 15r-7-25 | D63: ='10-3-26'!I63 -> 600000 | E63: 5 | F63: 600000 | G63: 60000 | H63: =SUM(F63:G63) -> 660000 | I63: =D63-F63 -> 0 | J63: =1/10*G63 -> 6000
A64: 56 | B64: Turyanto Madiono | C64: 12-8-25 | D64: ='10-3-26'!I64 -> 1350000 | H64: =SUM(F64:G64) -> 0 | I64: =D64-F64 -> 1350000 | J64: =1/10*G64 -> 0
A65: 57 | B65: Aniah Marsih | C65: 26/9/25 | D65: ='10-3-26'!I65 -> 5862000 | H65: =SUM(F65:G65) -> 0 | I65: =D65-F65 -> 5862000 | J65: =1/10*G65 -> 0
A66: 58 | B66: Ranem | C66: 26/9/25 | D66: ='10-3-26'!I66 -> 200000 | H66: =SUM(F66:G66) -> 0 | I66: =D66-F66 -> 200000 | J66: =1/10*G66 -> 0
A67: 59 | B67: Tato | C67: 18/11/25 | D67: ='10-3-26'!I67 -> 0 | H67: =SUM(F67:G67) -> 0 | I67: =D67-F67 -> 0 | J67: =1/10*G67 -> 0
A68: 60 | B68: Oruwasaton | C68: 24/2/26 | D68: ='10-3-26'!I68 -> 10000000 | H68: =SUM(F68:G68) -> 0 | I68: =D68-F68 -> 10000000 | J68: =1/10*G68 -> 0
A69: 61 | B69: Budi Rahayu | C69: 24/2/26 | D69: ='10-3-26'!I69 -> 50000000 | H69: =SUM(F69:G69) -> 0 | I69: =D69-F69 -> 50000000 | J69: =1/10*G69 -> 0
A70: 62 | B70: Waridi | C70: 24/2/26 | D70: ='10-3-26'!I70 -> 1000000 | H70: =SUM(F70:G70) -> 0 | I70: =D70-F70 -> 1000000 | J70: =1/10*G70 -> 0
A71: 63 | B71: Jumini | C71: 24/2/26 | D71: ='10-3-26'!I71 -> 2500000 | H71: =SUM(F71:G71) -> 0 | I71: =D71-F71 -> 2500000 | J71: =1/10*G71 -> 0
A72: 64 | B72: Vijja Ratano | C72: 24/2/26 | D72: ='10-3-26'!I72 -> 2000000 | H72: =SUM(F72:G72) -> 0 | I72: =D72-F72 -> 2000000 | J72: =1/10*G72 -> 0
A73: 65 | B73: Tukimin | C73: 24/2/26 | D73: 5000000 | H73: =SUM(F73:G73) -> 0 | I73: =D73-F73 -> 5000000 | J73: =1/10*G73 -> 0
A74: 66 | B74: Hartini | C74: 4/3/26 | D74: 4000000 | H74: =SUM(F74:G74) -> 0 | I74: =D74-F74 -> 4000000 | J74: =1/10*G74 -> 0
A75: 67 | B75: Suminah | C75: 4/3/26 | D75: 3000000 | H75: =SUM(F75:G75) -> 0 | I75: =D75-F75 -> 3000000 | J75: =1/10*G75 -> 0
A76: 68 | B76: Slamet Suwanto | C76: 10/3/26 | D76: 1100000 | H76: =SUM(F76:G76) -> 0 | I76: =D76-F76 -> 1100000 | J76: =1/10*G76 -> 0
A77: 69 | B77: Mursono | C77: 10/3/26 | D77: 5000000 | H77: =SUM(F77:G77) -> 0 | I77: =D77-F77 -> 5000000 | J77: =1/10*G77 -> 0
A78: 70 | B78: Suwanto | C78: 17/3/26 | D78: 10000000 | H78: =SUM(F78:G78) -> 0 | I78: =D78-F78 -> 10000000 | J78: =1/10*G78 -> 0
A79: 71 | B79: Rusmini Bolot | C79: 17/3/26 | D79: 3000000 | H79: =SUM(F79:G79) -> 0 | I79: =D79-F79 -> 3000000 | J79: =1/10*G79 -> 0
A80: 72 | B80: Kartina | C80: 17/3/26 | D80: 1000000 | H80: =SUM(F80:G80) -> 0 | I80: =D80-F80 -> 1000000 | J80: =1/10*G80 -> 0
A81: 73 | B81: Kono | C81: 17/3/26 | D81: 7000000 | H81: =SUM(F81:G81) -> 0 | I81: =D81-F81 -> 7000000 | J81: =1/10*G81 -> 0
D82: ='10-3-26'!I82 -> 0 | H82: =SUM(F82:G82) -> 0 | I82: =D82-F82 -> 0 | J82: =1/10*G82 -> 0
D83: ='10-3-26'!I83 -> 0 | H83: =SUM(F83:G83) -> 0 | I83: =D83-F83 -> 0 | J83: =1/10*G83 -> 0
D84: ='10-3-26'!I84 -> 0 | H84: =SUM(F84:G84) -> 0 | I84: =D84-F84 -> 0 | J84: =1/10*G84 -> 0
D85: ='10-3-26'!I85 -> 0 | H85: =SUM(F85:G85) -> 0 | I85: =D85-F85 -> 0 | J85: =1/10*G85 -> 0
D86: ='10-3-26'!I86 -> 0 | H86: =SUM(F86:G86) -> 0 | I86: =D86-F86 -> 0 | J86: =1/10*G86 -> 0
D87: ='10-3-26'!I87 -> 0 | H87: =SUM(F87:G87) -> 0 | I87: =D87-F87 -> 0 | J87: =1/10*G87 -> 0
D88: ='10-3-26'!I88 -> 0 | H88: =SUM(F88:G88) -> 0 | I88: =D88-F88 -> 0 | J88: =1/10*G88 -> 0
D89: ='10-3-26'!I89 -> 0 | H89: =SUM(F89:G89) -> 0 | I89: =D89-F89 -> 0 | J89: =1/10*G89 -> 0
D90: ='10-3-26'!I90 -> 0 | H90: =SUM(F90:G90) -> 0 | I90: =D90-F90 -> 0 | J90: =1/10*G90 -> 0
D91: ='10-3-26'!I91 -> 0 | H91: =SUM(F91:G91) -> 0 | I91: =D91-F91 -> 0 | J91: =1/10*G91 -> 0
D92: ='10-3-26'!I92 -> 0 | H92: =SUM(F92:G92) -> 0 | I92: =D92-F92 -> 0 | J92: =1/10*G92 -> 0
D93: ='10-3-26'!I93 -> 0 | H93: =SUM(F93:G93) -> 0 | I93: =D93-F93 -> 0 | J93: =1/10*G93 -> 0
... D187: ='10-3-26'!I187 -> 0 | H187: =SUM(F187:G187) -> 0 | I187: =D187-F187 -> 0 | J187: =1/10*G187 -> 0
B188: Jumlah | D188: =SUM(D9:D187) -> 465887000 | E188: =SUM(E9:E187) -> 23 | F188: =SUM(F9:F187) -> 750000 | G188: =SUM(G9:G187) -> 120000 | H188: =SUM(H9:H187) -> 870000 | I188: =SUM(I9:I187) -> 465137000 | J188: =SUM(J9:J187) -> 12000
B190: Catatan | C190: :
B191: Total jasa | C191: ; Rp | D191: =G188 -> 120000 | F191: Windusari, 17 Maret 2026
B192: Tiap bagian | C192: ; Rp | D192: =D191/20 -> 6000 | F192: Pengurus KSU "CAHAYA DHAMMA PHALA"
B193: Rincian | C193: ; | F193: Ketua | H193: Bendahara
B194: Japinup | C194: ; Rp | D194: =11*D192 -> 66000
B195: Dana Sosial | C195: ; Rp | D195: =1/2*D192 -> 3000
B196: Dana Pendidikan | C196: ; Rp | D196: =1/2*D192 -> 3000
B197: Dana CRK | C197: ; Rp | D197: =1/2*D192 -> 3000
B198: Dana Pembangunan | C198: ; Rp | D198: =1/2*D192 -> 3000 | F198: Waridi | H198: Oru Wasaton
B199: SWK | C199: ; Rp | D199: =2*D192 -> 12000
B200: Dana Kesra | C200: ; Rp | D200: =5*D192 -> 30000
B201: Jumlah | C201: ; Rp | D201: =SUM(D194:D200) -> 120000

Sheet 24-3-26
A1: KOPERASI SERBA USAHA "CAHAYA DHAMMA PHALA"
A2: Badan Hukum No. 2/BH/XIV.1/II/2016 Tanggal 5 Februari 2016
A3: Dukuh Windusari, Desa Sokaraja, Kec. Pagentan, Kab. Banjarnegara 53455
A5: BUKU ANGSURAN PINJAMAN ANGGOTA
A6: Per 24 Maret 2026
A7: NO. | B7: NAMA | C7: TGL | E7: ANGSURAN PINJAMAN | I7: SISA | J7: SWK
E8: KE | F8: POKOK | G8: JASA | H8: JUMLAH
A9: 1 | B9: Suryadi | C9: 4-4-17 | D9: ='17-3-26'!I9 -> 5500000 | H9: =SUM(F9:G9) -> 0 | I9: =D9-F9 -> 5500000 | J9: =1/10*G9 -> 0
A10: 2 | B10: Waginah | C10: 16-5-17 | D10: ='17-3-26'!I10 -> 1910000 | H10: =SUM(F10:G10) -> 0 | I10: =D10-F10 -> 1910000 | J10: =1/10*G10 -> 0
A11: 3 | B11: Tarmono | C11: 18-8-20 | D11: ='17-3-26'!I11 -> 0 | H11: =SUM(F11:G11) -> 0 | I11: =D11-F11 -> 0 | J11: =1/10*G11 -> 0
A12: 4 | B12: Juliyah | C12: 2-2-21 | D12: ='17-3-26'!I12 -> 13750000 | H12: =SUM(F12:G12) -> 0 | I12: =D12-F12 -> 13750000 | J12: =1/10*G12 -> 0
A13: 5 | B13: Purwadi | C13: 14-03-21 | D13: ='17-3-26'!I13 -> 19950000 | H13: =SUM(F13:G13) -> 0 | I13: =D13-F13 -> 19950000 | J13: =1/10*G13 -> 0
A14: 6 | B14: Waluyo Ragil | C14: 27-04-21 | D14: ='17-3-26'!I14 -> 100000 | H14: =SUM(F14:G14) -> 0 | I14: =D14-F14 -> 100000 | J14: =1/10*G14 -> 0
A15: 7 | B15: Sapdono | C15: 24-8-23 | D15: ='17-3-26'!I15 -> 10500000 | H15: =SUM(F15:G15) -> 0 | I15: =D15-F15 -> 10500000 | J15: =1/10*G15 -> 0
A16: 8 | B16: Sudarma Widya | C16: 28-09-21 | D16: ='17-3-26'!I16 -> 15310000 | H16: =SUM(F16:G16) -> 0 | I16: =D16-F16 -> 15310000 | J16: =1/10*G16 -> 0
A17: 9 | B17: Rahmadi | C17: 15-2-22 | D17: ='17-3-26'!I17 -> 6150000 | H17: =SUM(F17:G17) -> 0 | I17: =D17-F17 -> 6150000 | J17: =1/10*G17 -> 0
A18: 10 | B18: Ratmi | C18: 8-3-22 | D18: ='17-3-26'!I18 -> 12595000 | H18: =SUM(F18:G18) -> 0 | I18: =D18-F18 -> 12595000 | J18: =1/10*G18 -> 0
A19: 11 | B19: Cipret | C19: 21-6-22 | D19: ='17-3-26'!I19 -> 3750000 | E19: 6 | F19: 250000 | G19: 100000 | H19: =SUM(F19:G19) -> 350000 | I19: =D19-F19 -> 3500000 | J19: =1/10*G19 -> 10000
A20: 12 | B20: Ika Kurniasih | C20: 03-1-22 | D20: ='17-3-26'!I20 -> 42000000 | H20: =SUM(F20:G20) -> 0 | I20: =D20-F20 -> 42000000 | J20: =1/10*G20 -> 0
A21: 13 | B21: Kamto | C21: 28-2-23 | D21: ='17-3-26'!I21 -> 12680000 | H21: =SUM(F21:G21) -> 0 | I21: =D21-F21 -> 12680000 | J21: =1/10*G21 -> 0
A22: 14 | B22: Handi Cahyono | C22: 04-04-23 | D22: ='17-3-26'!I22 -> 0 | H22: =SUM(F22:G22) -> 0 | I22: =D22-F22 -> 0 | J22: =1/10*G22 -> 0
A23: 15 | B23: Hartati | C23: 04-04-23 | D23: ='17-3-26'!I23 -> 1500000 | H23: =SUM(F23:G23) -> 0 | I23: =D23-F23 -> 1500000 | J23: =1/10*G23 -> 0
A24: 16 | B24: Sartiyah | C24: 04-04-23 | D24: ='17-3-26'!I24 -> 600000 | H24: =SUM(F24:G24) -> 0 | I24: =D24-F24 -> 600000 | J24: =1/10*G24 -> 0
A25: 17 | B25: Dwi Vijjayanti | C25: 11-04-23 | D25: ='17-3-26'!I25 -> 22200000 | H25: =SUM(F25:G25) -> 0 | I25: =D25-F25 -> 22200000 | J25: =1/10*G25 -> 0
A26: 18 | B26: Marsinem | C26: 2-5-23 | D26: ='17-3-26'!I26 -> 3800000 | H26: =SUM(F26:G26) -> 0 | I26: =D26-F26 -> 3800000 | J26: =1/10*G26 -> 0
A27: 19 | B27: Suharjanto | C27: 11/7/23 | D27: ='17-3-26'!I27 -> 760000 | H27: =SUM(F27:G27) -> 0 | I27: =D27-F27 -> 760000 | J27: =1/10*G27 -> 0
A28: 20 | B28: Saliyah | C28: 18/7/23 | D28: ='17-3-26'!I28 -> 0 | H28: =SUM(F28:G28) -> 0 | I28: =D28-F28 -> 0 | J28: =1/10*G28 -> 0
A29: 21 | B29: Suminah | C29: 26-9-23 | D29: ='17-3-26'!I29 -> 0 | H29: =SUM(F29:G29) -> 0 | I29: =D29-F29 -> 0 | J29: =1/10*G29 -> 0
A30: 22 | B30: Leni | C30: 10-10-23 | D30: ='17-3-26'!I30 -> 2750000 | H30: =SUM(F30:G30) -> 0 | I30: =D30-F30 -> 2750000 | J30: =1/10*G30 -> 0
A31: 23 | B31: Kasmi Purwadi | C31: 24-10-23 | D31: ='17-3-26'!I31 -> 1000000 | H31: =SUM(F31:G31) -> 0 | I31: =D31-F31 -> 1000000 | J31: =1/10*G31 -> 0
... A35: 27 | B35: Karsih | C35: 30/1/24 | D35: ='17-3-26'!I35 -> 3500000 | H35: =SUM(F35:G35) -> 0 | I35: =D35-F35 -> 3500000 | J35: =1/10*G35 -> 0
A36: 28 | B36: Painten Darwito | C36: 16/2/24 | D36: ='17-3-26'!I36 -> 9200000 | E36: 23 | F36: 1400000 | G36: 800000 | H36: =SUM(F36:G36) -> 2200000 | I36: =D36-F36 -> 7800000 | J36: =1/10*G36 -> 80000
A37: 29 | B37: Karni | C37: 2/4/24 | D37: ='17-3-26'!I37 -> 1250000 | H37: =SUM(F37:G37) -> 0 | I37: =D37-F37 -> 1250000 | J37: =1/10*G37 -> 0
A38: 30 | B38: Siyo Dwiroso | C38: 16/4/24 | D38: ='17-3-26'!I38 -> 5800000 | H38: =SUM(F38:G38) -> 0 | I38: =D38-F38 -> 5800000 | J38: =1/10*G38 -> 0
A39: 31 | B39: Purwati | C39: 4/6/24 | D39: ='17-3-26'!I39 -> 14320000 | H39: =SUM(F39:G39) -> 0 | I39: =D39-F39 -> 14320000 | J39: =1/10*G39 -> 0
A40: 32 | B40: Tarsini | C40: 02/07/24 | D40: ='17-3-26'!I40 -> 0 | H40: =SUM(F40:G40) -> 0 | I40: =D40-F40 -> 0 | J40: =1/10*G40 -> 0
A41: 33 | B41: Santosa | C41: 09/07/24 | D41: ='17-3-26'!I41 -> 1500000 | H41: =SUM(F41:G41) -> 0 | I41: =D41-F41 -> 1500000 | J41: =1/10*G41 -> 0
A42: 34 | B42: Priyono | C42: 16/07/24 | D42: ='17-3-26'!I42 -> 1200000 | H42: =SUM(F42:G42) -> 0 | I42: =D42-F42 -> 1200000 | J42: =1/10*G42 -> 0
A43: 35 | B43: Karyono | C43: 30/07/24 | D43: ='17-3-26'!I43 -> 5250000 | H43: =SUM(F43:G43) -> 0 | I43: =D43-F43 -> 5250000 | J43: =1/10*G43 -> 0
A44: 36 | B44: Dwiyanto | C44: 06/08/24 | D44: ='17-3-26'!I44 -> 10320000 | H44: =SUM(F44:G44) -> 0 | I44: =D44-F44 -> 10320000 | J44: =1/10*G44 -> 0
A45: 37 | B45: Utami | C45: 20/08/24 | D45: ='17-3-26'!I45 -> 10875000 | H45: =SUM(F45:G45) -> 0 | I45: =D45-F45 -> 10875000 | J45: =1/10*G45 -> 0
A46: 38 | B46: Karjono | C46: 10/09/24 | D46: ='17-3-26'!I46 -> 300000 | H46: =SUM(F46:G46) -> 0 | I46: =D46-F46 -> 300000 | J46: =1/10*G46 -> 0
A47: 39 | B47: Kuswono Katam | C47: 05/11/24 | D47: ='17-3-26'!I47 -> 9300000 | H47: =SUM(F47:G47) -> 0 | I47: =D47-F47 -> 9300000 | J47: =1/10*G47 -> 0
A48: 40 | B48: Sarijem | C48: 05/11/24 | D48: ='17-3-26'!I48 -> 1000000 | E48: 11 | F48: 200000 | G48: 60000 | H48: =SUM(F48:G48) -> 260000 | I48: =D48-F48 -> 800000 | J48: =1/10*G48 -> 6000
A49: 41 | B49: Nisem | C49: 03/12/24 | D49: ='17-3-26'!I49 -> 9600000 | H49: =SUM(F49:G49) -> 0 | I49: =D49-F49 -> 9600000 | J49: =1/10*G49 -> 0
A50: 42 | B50: Saroji | C50: 17/12/24 | D50: ='17-3-26'!I50 -> 0 | H50: =SUM(F50:G50) -> 0 | I50: =D50-F50 -> 0 | J50: =1/10*G50 -> 0
A51: 43 | B51: Minardi | C51: 21/1/25 | D51: ='17-3-26'!I51 -> 15700000 | H51: =SUM(F51:G51) -> 0 | I51: =D51-F51 -> 15700000 | J51: =1/10*G51 -> 0
A52: 44 | B52: Kuat Siti Kirana | C52: 28/1/25 | D52: ='17-3-26'!I52 -> 25000000 | H52: =SUM(F52:G52) -> 0 | I52: =D52-F52 -> 25000000 | J52: =1/10*G52 -> 0
A53: 45 | B53: Vijja Ratano | C53: 18/2/25 | D53: ='17-3-26'!I53 -> 0 | H53: =SUM(F53:G53) -> 0 | I53: =D53-F53 -> 0 | J53: =1/10*G53 -> 0
A54: 46 | B54: Suroto | C54: 18/2/25 | D54: ='17-3-26'!I54 -> 4800000 | E54: 3 | F54: 200000 | G54: 100000 | H54: =SUM(F54:G54) -> 300000 | I54: =D54-F54 -> 4600000 | J54: =1/10*G54 -> 10000
A55: 47 | B55: Sono | C55: 25/2/25 | D55: ='17-3-26'!I55 -> 7460000 | H55: =SUM(F55:G55) -> 0 | I55: =D55-F55 -> 7460000 | J55: =1/10*G55 -> 0
A56: 48 | B56: Metta Candra D. | C56: 25/2/25 | D56: ='17-3-26'!I56 -> 400000 | H56: =SUM(F56:G56) -> 0 | I56: =D56-F56 -> 400000 | J56: =1/10*G56 -> 0
A57: 49 | B57: Mislam | C57: 25/2/25 | D57: ='17-3-26'!I57 -> 20000000 | H57: =SUM(F57:G57) -> 0 | I57: =D57-F57 -> 20000000 | J57: =1/10*G57 -> 0
A58: 50 | B58: Lewih | C58: 25/3/25 | D58: ='17-3-26'!I58 -> 1315000 | E58: 12 | F58: 335000 | G58: 100000 | H58: =SUM(F58:G58) -> 435000 | I58: =D58-F58 -> 980000 | J58: =1/10*G58 -> 10000
A59: 51 | B59: Rusmini Bolot | C59: 8/4/25 | D59: ='17-3-26'!I59 -> 0 | H59: =SUM(F59:G59) -> 0 | I59: =D59-F59 -> 0 | J59: =1/10*G59 -> 0
A60: 52 | B60: Kadi | C60: 15/4/25 | D60: ='17-3-26'!I60 -> 3000000 | H60: =SUM(F60:G60) -> 0 | I60: =D60-F60 -> 3000000 | J60: =1/10*G60 -> 0
A61: 53 | B61: Marsito | C61: 27-5-25 | D61: ='17-3-26'!I61 -> 230000 | H61: =SUM(F61:G61) -> 0 | I61: =D61-F61 -> 230000 | J61: =1/10*G61 -> 0
A62: 54 | B62: Darwito | C62: 10-6-25 | D62: ='17-3-26'!I62 -> 0 | H62: =SUM(F62:G62) -> 0 | I62: =D62-F62 -> 0 | J62: =1/10*G62 -> 0
A63: 55 | B63: Manis | C63: 15r-7-25 | D63: ='17-3-26'!I63 -> 0 | H63: =SUM(F63:G63) -> 0 | I63: =D63-F63 -> 0 | J63: =1/10*G63 -> 0
A64: 56 | B64: Turyanto Madiono | C64: 12-8-25 | D64: ='17-3-26'!I64 -> 1350000 | H64: =SUM(F64:G64) -> 0 | I64: =D64-F64 -> 1350000 | J64: =1/10*G64 -> 0
A65: 57 | B65: Aniah Marsih | C65: 26/9/25 | D65: ='17-3-26'!I65 -> 5862000 | H65: =SUM(F65:G65) -> 0 | I65: =D65-F65 -> 5862000 | J65: =1/10*G65 -> 0
A66: 58 | B66: Ranem | C66: 26/9/25 | D66: ='17-3-26'!I66 -> 200000 | E66: 7 | F66: 50000 | G66: 10000 | H66: =SUM(F66:G66) -> 60000 | I66: =D66-F66 -> 150000 | J66: =1/10*G66 -> 1000
A67: 59 | B67: Tato | C67: 18/11/25 | D67: ='17-3-26'!I67 -> 0 | H67: =SUM(F67:G67) -> 0 | I67: =D67-F67 -> 0 | J67: =1/10*G67 -> 0
A68: 60 | B68: Oruwasaton | C68: 24/2/26 | D68: ='17-3-26'!I68 -> 10000000 | H68: =SUM(F68:G68) -> 0 | I68: =D68-F68 -> 10000000 | J68: =1/10*G68 -> 0
A69: 61 | B69: Budi Rahayu | C69: 24/2/26 | D69: ='17-3-26'!I69 -> 50000000 | H69: =SUM(F69:G69) -> 0 | I69: =D69-F69 -> 50000000 | J69: =1/10*G69 -> 0
A70: 62 | B70: Waridi | C70: 24/2/26 | D70: ='17-3-26'!I70 -> 1000000 | H70: =SUM(F70:G70) -> 0 | I70: =D70-F70 -> 1000000 | J70: =1/10*G70 -> 0
A71: 63 | B71: Jumini | C71: 24/2/26 | D71: ='17-3-26'!I71 -> 2500000 | H71: =SUM(F71:G71) -> 0 | I71: =D71-F71 -> 2500000 | J71: =1/10*G71 -> 0
A72: 64 | B72: Vijja Ratano | C72: 24/2/26 | D72: ='17-3-26'!I72 -> 2000000 | E72: 1 | F72: 200000 | G72: 40000 | H72: =SUM(F72:G72) -> 240000 | I72: =D72-F72 -> 1800000 | J72: =1/10*G72 -> 4000
A73: 65 | B73: Tukimin | C73: 24/2/26 | D73: 5000000 | H73: =SUM(F73:G73) -> 0 | I73: =D73-F73 -> 5000000 | J73: =1/10*G73 -> 0
A74: 66 | B74: Hartini | C74: 4/3/26 | D74: ='17-3-26'!I74 -> 4000000 | H74: =SUM(F74:G74) -> 0 | I74: =D74-F74 -> 4000000 | J74: =1/10*G74 -> 0
A75: 67 | B75: Suminah | C75: 4/3/26 | D75: ='17-3-26'!I75 -> 3000000 | H75: =SUM(F75:G75) -> 0 | I75: =D75-F75 -> 3000000 | J75: =1/10*G75 -> 0
A76: 68 | B76: Slamet Suwanto | C76: 10/3/26 | D76: ='17-3-26'!I76 -> 1100000 | H76: =SUM(F76:G76) -> 0 | I76: =D76-F76 -> 1100000 | J76: =1/10*G76 -> 0
A77: 69 | B77: Mursono | C77: 10/3/26 | D77: ='17-3-26'!I77 -> 5000000 | H77: =SUM(F77:G77) -> 0 | I77: =D77-F77 -> 5000000 | J77: =1/10*G77 -> 0
A78: 70 | B78: Suwanto | C78: 17/3/26 | D78: ='17-3-26'!I78 -> 10000000 | H78: =SUM(F78:G78) -> 0 | I78: =D78-F78 -> 10000000 | J78: =1/10*G78 -> 0
A79: 71 | B79: Rusmini Bolot | C79: 17/3/26 | D79: ='17-3-26'!I79 -> 3000000 | H79: =SUM(F79:G79) -> 0 | I79: =D79-F79 -> 3000000 | J79: =1/10*G79 -> 0
A80: 72 | B80: Kartina | C80: 17/3/26 | D80: ='17-3-26'!I80 -> 1000000 | H80: =SUM(F80:G80) -> 0 | I80: =D80-F80 -> 1000000 | J80: =1/10*G80 -> 0
A81: 73 | B81: Kono | C81: 17/3/26 | D81: ='17-3-26'!I81 -> 7000000 | H81: =SUM(F81:G81) -> 0 | I81: =D81-F81 -> 7000000 | J81: =1/10*G81 -> 0
D82: ='17-3-26'!I82 -> 0 | H82: =SUM(F82:G82) -> 0 | I82: =D82-F82 -> 0 | J82: =1/10*G82 -> 0
D83: ='17-3-26'!I83 -> 0 | H83: =SUM(F83:G83) -> 0 | I83: =D83-F83 -> 0 | J83: =1/10*G83 -> 0
D84: ='17-3-26'!I84 -> 0 | H84: =SUM(F84:G84) -> 0 | I84: =D84-F84 -> 0 | J84: =1/10*G84 -> 0
D85: ='17-3-26'!I85 -> 0 | H85: =SUM(F85:G85) -> 0 | I85: =D85-F85 -> 0 | J85: =1/10*G85 -> 0
D86: ='17-3-26'!I86 -> 0 | H86: =SUM(F86:G86) -> 0 | I86: =D86-F86 -> 0 | J86: =1/10*G86 -> 0
D87: ='17-3-26'!I87 -> 0 | H87: =SUM(F87:G87) -> 0 | I87: =D87-F87 -> 0 | J87: =1/10*G87 -> 0
D88: ='17-3-26'!I88 -> 0 | H88: =SUM(F88:G88) -> 0 | I88: =D88-F88 -> 0 | J88: =1/10*G88 -> 0
D89: ='17-3-26'!I89 -> 0 | H89: =SUM(F89:G89) -> 0 | I89: =D89-F89 -> 0 | J89: =1/10*G89 -> 0
D90: ='17-3-26'!I90 -> 0 | H90: =SUM(F90:G90) -> 0 | I90: =D90-F90 -> 0 | J90: =1/10*G90 -> 0
D91: ='17-3-26'!I91 -> 0 | H91: =SUM(F91:G91) -> 0 | I91: =D91-F91 -> 0 | J91: =1/10*G91 -> 0
D92: ='17-3-26'!I92 -> 0 | H92: =SUM(F92:G92) -> 0 | I92: =D92-F92 -> 0 | J92: =1/10*G92 -> 0
D93: ='17-3-26'!I93 -> 0 | H93: =SUM(F93:G93) -> 0 | I93: =D93-F93 -> 0 | J93: =1/10*G93 -> 0
... D187: ='17-3-26'!I187 -> 0 | H187: =SUM(F187:G187) -> 0 | I187: =D187-F187 -> 0 | J187: =1/10*G187 -> 0
B188: Jumlah | D188: =SUM(D9:D187) -> 465137000 | E188: =SUM(E9:E187) -> 63 | F188: =SUM(F9:F187) -> 2635000 | G188: =SUM(G9:G187) -> 1210000 | H188: =SUM(H9:H187) -> 3845000 | I188: =SUM(I9:I187) -> 462502000 | J188: =SUM(J9:J187) -> 121000
B190: Catatan | C190: :
B191: Total jasa | C191: ; Rp | D191: =G188 -> 1210000 | F191: Windusari, 24 Maret 2026
B192: Tiap bagian | C192: ; Rp | D192: =D191/20 -> 60500 | F192: Pengurus KSU "CAHAYA DHAMMA PHALA"
B193: Rincian | C193: ; | F193: Ketua | H193: Bendahara
B194: Japinup | C194: ; Rp | D194: =11*D192 -> 665500
B195: Dana Sosial | C195: ; Rp | D195: =1/2*D192 -> 30250
B196: Dana Pendidikan | C196: ; Rp | D196: =1/2*D192 -> 30250
B197: Dana CRK | C197: ; Rp | D197: =1/2*D192 -> 30250
B198: Dana Pembangunan | C198: ; Rp | D198: =1/2*D192 -> 30250 | F198: Waridi | H198: Oru Wasaton
...

Sheet 31-3-26
A1: KOPERASI SERBA USAHA "CAHAYA DHAMMA PHALA"
A2: Badan Hukum No. 2/BH/XIV.1/II/2016 Tanggal 5 Februari 2016
A3: Dukuh Windusari, Desa Sokaraja, Kec. Pagentan, Kab. Banjarnegara 53455
A5: BUKU ANGSURAN PINJAMAN ANGGOTA
A6: Per 31 Maret 2026
A7: NO. | B7: NAMA | C7: TGL | E7: ANGSURAN PINJAMAN | I7: SISA | J7: SWK
E8: KE | F8: POKOK | G8: JASA | H8: JUMLAH
A9: 1 | B9: Suryadi | C9: 4-4-17 | D9: ='24-3-26'!I9 -> 5500000 | H9: =SUM(F9:G9) -> 0 | I9: =D9-F9 -> 5500000 | J9: =1/10*G9 -> 0
A10: 2 | B10: Waginah | C10: 16-5-17 | D10: ='24-3-26'!I10 -> 1910000 | H10: =SUM(F10:G10) -> 0 | I10: =D10-F10 -> 1910000 | J10: =1/10*G10 -> 0
A11: 3 | B11: Tarmono | C11: 18-8-20 | D11: ='24-3-26'!I11 -> 0 | H11: =SUM(F11:G11) -> 0 | I11: =D11-F11 -> 0 | J11: =1/10*G11 -> 0
A12: 4 | B12: Juliyah | C12: 2-2-21 | D12: ='24-3-26'!I12 -> 13750000 | H12: =SUM(F12:G12) -> 0 | I12: =D12-F12 -> 13750000 | J12: =1/10*G12 -> 0
A13: 5 | B13: Purwadi | C13: 14-03-21 | D13: ='24-3-26'!I13 -> 19950000 | H13: =SUM(F13:G13) -> 0 | I13: =D13-F13 -> 19950000 | J13: =1/10*G13 -> 0
A14: 6 | B14: Waluyo Ragil | C14: 27-04-21 | D14: ='24-3-26'!I14 -> 100000 | H14: =SUM(F14:G14) -> 0 | I14: =D14-F14 -> 100000 | J14: =1/10*G14 -> 0
A15: 7 | B15: Sapdono | C15: 24-8-23 | D15: ='24-3-26'!I15 -> 10500000 | H15: =SUM(F15:G15) -> 0 | I15: =D15-F15 -> 10500000 | J15: =1/10*G15 -> 0
A16: 8 | B16: Sudarma Widya | C16: 28-09-21 | D16: ='24-3-26'!I16 -> 15310000 | H16: =SUM(F16:G16) -> 0 | I16: =D16-F16 -> 15310000 | J16: =1/10*G16 -> 0
A17: 9 | B17: Rahmadi | C17: 15-2-22 | D17: ='24-3-26'!I17 -> 6150000 | H17: =SUM(F17:G17) -> 0 | I17: =D17-F17 -> 6150000 | J17: =1/10*G17 -> 0
A18: 10 | B18: Ratmi | C18: 8-3-22 | D18: ='24-3-26'!I18 -> 12595000 | H18: =SUM(F18:G18) -> 0 | I18: =D18-F18 -> 12595000 | J18: =1/10*G18 -> 0
A19: 11 | B19: Cipret | C19: 21-6-22 | D19: ='24-3-26'!I19 -> 3500000 | H19: =SUM(F19:G19) -> 0 | I19: =D19-F19 -> 3500000 | J19: =1/10*G19 -> 0
A20: 12 | B20: Ika Kurniasih | C20: 03-1-22 | D20: ='24-3-26'!I20 -> 42000000 | H20: =SUM(F20:G20) -> 0 | I20: =D20-F20 -> 42000000 | J20: =1/10*G20 -> 0
... A30: 22 | B30: Leni | C30: 10-10-23 | D30: ='24-3-26'!I30 -> 2750000 | H30: =SUM(F30:G30) -> 0 | I30: =D30-F30 -> 2750000 | J30: =1/10*G30 -> 0
A31: 23 | B31: Kasmi Purwadi | C31: 24-10-23 | D31: ='24-3-26'!I31 -> 1000000 | E31: 17 | F31: 250000 | G31: 100000 | H31: =SUM(F31:G31) -> 350000 | I31: =D31-F31 -> 750000 | J31: =1/10*G31 -> 10000
A32: 24 | B32: Gini Wanto | C32: 24-10-23 | D32: ='24-3-26'!I32 -> 12000000 | H32: =SUM(F32:G32) -> 0 | I32: =D32-F32 -> 12000000 | J32: =1/10*G32 -> 0
A33: 25 | B33: Kami | C33: 9/1/24 | D33: ='24-3-26'!I33 -> 600000 | H33: =SUM(F33:G33) -> 0 | I33: =D33-F33 -> 600000 | J33: =1/10*G33 -> 0
A34: 26 | B34: Wahyuni | C34: 30/1/24 | D34: ='24-3-26'!I34 -> 2400000 | H34: =SUM(F34:G34) -> 0 | I34: =D34-F34 -> 2400000 | J34: =1/10*G34 -> 0
A35: 27 | B35: Karsih | C35: 30/1/24 | D35: ='24-3-26'!I35 -> 3500000 | H35: =SUM(F35:G35) -> 0 | I35: =D35-F35 -> 3500000 | J35: =1/10*G35 -> 0
A36: 28 | B36: Painten Darwito | C36: 16/2/24 | D36: ='24-3-26'!I36 -> 7800000 | H36: =SUM(F36:G36) -> 0 | I36: =D36-F36 -> 7800000 | J36: =1/10*G36 -> 0
A37: 29 | B37: Karni | C37: 2/4/24 | D37: ='24-3-26'!I37 -> 1250000 | H37: =SUM(F37:G37) -> 0 | I37: =D37-F37 -> 1250000 | J37: =1/10*G37 -> 0
A38: 30 | B38: Siyo Dwiroso | C38: 16/4/24 | D38: ='24-3-26'!I38 -> 5800000 | H38: =SUM(F38:G38) -> 0 | I38: =D38-F38 -> 5800000 | J38: =1/10*G38 -> 0
A39: 31 | B39: Purwati | C39: 4/6/24 | D39: ='24-3-26'!I39 -> 14320000 | H39: =SUM(F39:G39) -> 0 | I39: =D39-F39 -> 14320000 | J39: =1/10*G39 -> 0
A40: 32 | B40: Tarsini | C40: 02/07/24 | D40: ='24-3-26'!I40 -> 0 | H40: =SUM(F40:G40) -> 0 | I40: =D40-F40 -> 0 | J40: =1/10*G40 -> 0
A41: 33 | B41: Santosa | C41: 09/07/24 | D41: ='24-3-26'!I41 -> 1500000 | H41: =SUM(F41:G41) -> 0 | I41: =D41-F41 -> 1500000 | J41: =1/10*G41 -> 0
A42: 34 | B42: Priyono | C42: 16/07/24 | D42: ='24-3-26'!I42 -> 1200000 | H42: =SUM(F42:G42) -> 0 | I42: =D42-F42 -> 1200000 | J42: =1/10*G42 -> 0
A43: 35 | B43: Karyono | C43: 30/07/24 | D43: ='24-3-26'!I43 -> 5250000 | H43: =SUM(F43:G43) -> 0 | I43: =D43-F43 -> 5250000 | J43: =1/10*G43 -> 0
... A50: 42 | B50: Saroji | C50: 17/12/24 | D50: ='24-3-26'!I50 -> 0 | H50: =SUM(F50:G50) -> 0 | I50: =D50-F50 -> 0 | J50: =1/10*G50 -> 0
A51: 43 | B51: Minardi | C51: 21/1/25 | D51: ='24-3-26'!I51 -> 15700000 | G51: 400000 | H51: =SUM(F51:G51) -> 400000 | I51: =D51-F51 -> 15700000 | J51: =1/10*G51 -> 40000
A52: 44 | B52: Kuat Siti Kirana | C52: 28/1/25 | D52: ='24-3-26'!I52 -> 25000000 | H52: =SUM(F52:G52) -> 0 | I52: =D52-F52 -> 25000000 | J52: =1/10*G52 -> 0
A53: 45 | B53: Vijja Ratano | C53: 18/2/25 | D53: ='24-3-26'!I53 -> 0 | H53: =SUM(F53:G53) -> 0 | I53: =D53-F53 -> 0 | J53: =1/10*G53 -> 0
A54: 46 | B54: Suroto | C54: 18/2/25 | D54: ='24-3-26'!I54 -> 4600000 | H54: =SUM(F54:G54) -> 0 | I54: =D54-F54 -> 4600000 | J54: =1/10*G54 -> 0
A55: 47 | B55: Sono | C55: 25/2/25 | D55: ='24-3-26'!I55 -> 7460000 | H55: =SUM(F55:G55) -> 0 | I55: =D55-F55 -> 7460000 | J55: =1/10*G55 -> 0
A56: 48 | B56: Metta Candra D. | C56: 25/2/25 | D56: ='24-3-26'!I56 -> 400000 | E56: 9 | F56: 200000 | G56: 40000 | H56: =SUM(F56:G56) -> 240000 | I56: =D56-F56 -> 200000 | J56: =1/10*G56 -> 4000
A57: 49 | B57: Mislam | C57: 25/2/25 | D57: ='24-3-26'!I57 -> 20000000 | H57: =SUM(F57:G57) -> 0 | I57: =D57-F57 -> 20000000 | J57: =1/10*G57 -> 0
A58: 50 | B58: Lewih | C58: 25/3/25 | D58: ='24-3-26'!I58 -> 980000 | H58: =SUM(F58:G58) -> 0 | I58: =D58-F58 -> 980000 | J58: =1/10*G58 -> 0
A59: 51 | B59: Rusmini Bolot | C59: 8/4/25 | D59: ='24-3-26'!I59 -> 0 | H59: =SUM(F59:G59) -> 0 | I59: =D59-F59 -> 0 | J59: =1/10*G59 -> 0
A60: 52 | B60: Kadi | C60: 15/4/25 | D60: ='24-3-26'!I60 -> 3000000 | H60: =SUM(F60:G60) -> 0 | I60: =D60-F60 -> 3000000 | J60: =1/10*G60 -> 0
A61: 53 | B61: Marsito | C61: 27-5-25 | D61: ='24-3-26'!I61 -> 230000 | H61: =SUM(F61:G61) -> 0 | I61: =D61-F61 -> 230000 | J61: =1/10*G61 -> 0
A62: 54 | B62: Darwito | C62: 10-6-25 | D62: ='24-3-26'!I62 -> 0 | H62: =SUM(F62:G62) -> 0 | I62: =D62-F62 -> 0 | J62: =1/10*G62 -> 0
A63: 55 | B63: Manis | C63: 15r-7-25 | D63: ='24-3-26'!I63 -> 0 | H63: =SUM(F63:G63) -> 0 | I63: =D63-F63 -> 0 | J63: =1/10*G63 -> 0
A64: 56 | B64: Turyanto Madiono | C64: 12-8-25 | D64: ='24-3-26'!I64 -> 1350000 | H64: =SUM(F64:G64) -> 0 | I64: =D64-F64 -> 1350000 | J64: =1/10*G64 -> 0
A65: 57 | B65: Aniah Marsih | C65: 26/9/25 | D65: ='24-3-26'!I65 -> 5862000 | H65: =SUM(F65:G65) -> 0 | I65: =D65-F65 -> 5862000 | J65: =1/10*G65 -> 0
A66: 58 | B66: Ranem | C66: 26/9/25 | D66: ='24-3-26'!I66 -> 150000 | H66: =SUM(F66:G66) -> 0 | I66: =D66-F66 -> 150000 | J66: =1/10*G66 -> 0
A67: 59 | B67: Tato | C67: 18/11/25 | D67: ='24-3-26'!I67 -> 0 | H67: =SUM(F67:G67) -> 0 | I67: =D67-F67 -> 0 | J67: =1/10*G67 -> 0
A68: 60 | B68: Oruwasaton | C68: 24/2/26 | D68: ='24-3-26'!I68 -> 10000000 | H68: =SUM(F68:G68) -> 0 | I68: =D68-F68 -> 10000000 | J68: =1/10*G68 -> 0
A69: 61 | B69: Budi Rahayu | C69: 24/2/26 | D69: ='24-3-26'!I69 -> 50000000 | E69: 1 | G69: 1000000 | H69: =SUM(F69:G69) -> 1000000 | I69: =D69-F69 -> 50000000 | J69: =1/10*G69 -> 100000
A70: 62 | B70: Waridi | C70: 24/2/26 | D70: ='24-3-26'!I70 -> 1000000 | H70: =SUM(F70:G70) -> 0 | I70: =D70-F70 -> 1000000 | J70: =1/10*G70 -> 0
A71: 63 | B71: Jumini | C71: 24/2/26 | D71: ='24-3-26'!I71 -> 2500000 | H71: =SUM(F71:G71) -> 0 | I71: =D71-F71 -> 2500000 | J71: =1/10*G71 -> 0
A72: 64 | B72: Vijja Ratano | C72: 24/2/26 | D72: ='24-3-26'!I72 -> 1800000 | H72: =SUM(F72:G72) -> 0 | I72: =D72-F72 -> 1800000 | J72: =1/10*G72 -> 0
A73: 65 | B73: Tukimin | C73: 24/2/26 | D73: 5000000 | H73: =SUM(F73:G73) -> 0 | I73: =D73-F73 -> 5000000 | J73: =1/10*G73 -> 0
A74: 66 | B74: Hartini | C74: 4/3/26 | D74: ='24-3-26'!I74 -> 4000000 | H74: =SUM(F74:G74) -> 0 | I74: =D74-F74 -> 4000000 | J74: =1/10*G74 -> 0
A75: 67 | B75: Suminah | C75: 4/3/26 | D75: ='24-3-26'!I75 -> 3000000 | H75: =SUM(F75:G75) -> 0 | I75: =D75-F75 -> 3000000 | J75: =1/10*G75 -> 0
A76: 68 | B76: Slamet Suwanto | C76: 10/3/26 | D76: ='24-3-26'!I76 -> 1100000 | H76: =SUM(F76:G76) -> 0 | I76: =D76-F76 -> 1100000 | J76: =1/10*G76 -> 0
A77: 69 | B77: Mursono | C77: 10/3/26 | D77: ='24-3-26'!I77 -> 5000000 | H77: =SUM(F77:G77) -> 0 | I77: =D77-F77 -> 5000000 | J77: =1/10*G77 -> 0
A78: 70 | B78: Suwanto | C78: 17/3/26 | D78: ='24-3-26'!I78 -> 10000000 | H78: =SUM(F78:G78) -> 0 | I78: =D78-F78 -> 10000000 | J78: =1/10*G78 -> 0
A79: 71 | B79: Rusmini Bolot | C79: 17/3/26 | D79: ='24-3-26'!I79 -> 3000000 | H79: =SUM(F79:G79) -> 0 | I79: =D79-F79 -> 3000000 | J79: =1/10*G79 -> 0
A80: 72 | B80: Kartina | C80: 17/3/26 | D80: ='24-3-26'!I80 -> 1000000 | H80: =SUM(F80:G80) -> 0 | I80: =D80-F80 -> 1000000 | J80: =1/10*G80 -> 0
A81: 73 | B81: Kono | C81: 17/3/26 | D81: ='24-3-26'!I81 -> 7000000 | H81: =SUM(F81:G81) -> 0 | I81: =D81-F81 -> 7000000 | J81: =1/10*G81 -> 0
A82: 74 | B82: Suyono | C82: 31/3/26 | D82: 1000000 | H82: =SUM(F82:G82) -> 0 | I82: =D82-F82 -> 1000000 | J82: =1/10*G82 -> 0
D83: ='24-3-26'!I83 -> 0 | H83: =SUM(F83:G83) -> 0 | I83: =D83-F83 -> 0 | J83: =1/10*G83 -> 0
D84: ='24-3-26'!I84 -> 0 | H84: =SUM(F84:G84) -> 0 | I84: =D84-F84 -> 0 | J84: =1/10*G84 -> 0
D85: ='24-3-26'!I85 -> 0 | H85: =SUM(F85:G85) -> 0 | I85: =D85-F85 -> 0 | J85: =1/10*G85 -> 0
D86: ='24-3-26'!I86 -> 0 | H86: =SUM(F86:G86) -> 0 | I86: =D86-F86 -> 0 | J86: =1/10*G86 -> 0
D87: ='24-3-26'!I87 -> 0 | H87: =SUM(F87:G87) -> 0 | I87: =D87-F87 -> 0 | J87: =1/10*G87 -> 0
D88: ='24-3-26'!I88 -> 0 | H88: =SUM(F88:G88) -> 0 | I88: =D88-F88 -> 0 | J88: =1/10*G88 -> 0
D89: ='24-3-26'!I89 -> 0 | H89: =SUM(F89:G89) -> 0 | I89: =D89-F89 -> 0 | J89: =1/10*G89 -> 0
D90: ='24-3-26'!I90 -> 0 | H90: =SUM(F90:G90) -> 0 | I90: =D90-F90 -> 0 | J90: =1/10*G90 -> 0
D91: ='24-3-26'!I91 -> 0 | H91: =SUM(F91:G91) -> 0 | I91: =D91-F91 -> 0 | J91: =1/10*G91 -> 0
D92: ='24-3-26'!I92 -> 0 | H92: =SUM(F92:G92) -> 0 | I92: =D92-F92 -> 0 | J92: =1/10*G92 -> 0
D93: ='24-3-26'!I93 -> 0 | H93: =SUM(F93:G93) -> 0 | I93: =D93-F93 -> 0 | J93: =1/10*G93 -> 0
D94: ='24-3-26'!I94 -> 0 | H94: =SUM(F94:G94) -> 0 | I94: =D94-F94 -> 0 | J94: =1/10*G94 -> 0
... D187: ='24-3-26'!I187 -> 0 | H187: =SUM(F187:G187) -> 0 | I187: =D187-F187 -> 0 | J187: =1/10*G187 -> 0
B188: Jumlah | D188: =SUM(D9:D187) -> 463502000 | E188: =SUM(E9:E187) -> 27 | F188: =SUM(F9:F187) -> 450000 | G188: =SUM(G9:G187) -> 1540000 | H188: =SUM(H9:H187) -> 1990000 | I188: =SUM(I9:I187) -> 463052000 | J188: =SUM(J9:J187) -> 154000
B190: Catatan | C190: :
B191: Total jasa | C191: ; Rp | D191: =G188 -> 1540000 | F191: Windusari, 31 Maret 2026
B192: Tiap bagian | C192: ; Rp | D192: =D191/20 -> 77000 | F192: Pengurus KSU "CAHAYA DHAMMA PHALA"
B193: Rincian | C193: ; | F193: Ketua | H193: Bendahara
B194: Japinup | C194: ; Rp | D194: =11*D192 -> 847000
B195: Dana Sosial | C195: ; Rp | D195: =1/2*D192 -> 38500
B196: Dana Pendidikan | C196: ; Rp | D196: =1/2*D192 -> 38500
B197: Dana CRK | C197: ; Rp | D197: =1/2*D192 -> 38500
B198: Dana Pembangunan | C198: ; Rp | D198: =1/2*D192 -> 38500 | F198: Waridi | H198: Oru Wasaton
B199: SWK | C199: ; Rp | D199: =2*D192 -> 154000
B200: Dana Kesra | C200: ; Rp | D200: =5*D192 -> 385000
B201: Jumlah | C201: ; Rp | D201: =SUM(D194:D200) -> 1540000

Sheet 7-4-26
A1: KOPERASI SERBA USAHA "CAHAYA DHAMMA PHALA"
A2: Badan Hukum No. 2/BH/XIV.1/II/2016 Tanggal 5 Februari 2016
A3: Dukuh Windusari, Desa Sokaraja, Kec. Pagentan, Kab. Banjarnegara 53455
A5: BUKU ANGSURAN PINJAMAN ANGGOTA
A6: Per 7 April 2026
A7: NO. | B7: NAMA | C7: TGL | E7: ANGSURAN PINJAMAN | I7: SISA | J7: SWK
E8: KE | F8: POKOK | G8: JASA | H8: JUMLAH
A9: 1 | B9: Suryadi | C9: 4-4-17 | D9: ='31-3-26'!I9 -> 5500000 | H9: =SUM(F9:G9) -> 0 | I9: =D9-F9 -> 5500000 | J9: =1/10*G9 -> 0
A10: 2 | B10: Waginah | C10: 16-5-17 | D10: ='31-3-26'!I10 -> 1910000 | H10: =SUM(F10:G10) -> 0 | I10: =D10-F10 -> 1910000 | J10: =1/10*G10 -> 0
A11: 3 | B11: Tarmono | C11: 18-8-20 | D11: ='31-3-26'!I11 -> 0 | H11: =SUM(F11:G11) -> 0 | I11: =D11-F11 -> 0 | J11: =1/10*G11 -> 0
A12: 4 | B12: Juliyah | C12: 2-2-21 | D12: ='31-3-26'!I12 -> 13750000 | H12: =SUM(F12:G12) -> 0 | I12: =D12-F12 -> 13750000 | J12: =1/10*G12 -> 0
A13: 5 | B13: Purwadi | C13: 14-03-21 | D13: ='31-3-26'!I13 -> 19950000 | H13: =SUM(F13:G13) -> 0 | I13: =D13-F13 -> 19950000 | J13: =1/10*G13 -> 0
A14: 6 | B14: Waluyo Ragil | C14: 27-04-21 | D14: ='31-3-26'!I14 -> 100000 | H14: =SUM(F14:G14) -> 0 | I14: =D14-F14 -> 100000 | J14: =1/10*G14 -> 0
A15: 7 | B15: Sapdono | C15: 24-8-23 | D15: ='31-3-26'!I15 -> 10500000 | H15: =SUM(F15:G15) -> 0 | I15: =D15-F15 -> 10500000 | J15: =1/10*G15 -> 0
A16: 8 | B16: Sudarma Widya | C16: 28-09-21 | D16: ='31-3-26'!I16 -> 15310000 | H16: =SUM(F16:G16) -> 0 | I16: =D16-F16 -> 15310000 | J16: =1/10*G16 -> 0
A17: 9 | B17: Rahmadi | C17: 15-2-22 | D17: ='31-3-26'!I17 -> 6150000 | H17: =SUM(F17:G17) -> 0 | I17: =D17-F17 -> 6150000 | J17: =1/10*G17 -> 0
A18: 10 | B18: Ratmi | C18: 8-3-22 | D18: ='31-3-26'!I18 -> 12595000 | H18: =SUM(F18:G18) -> 0 | I18: =D18-F18 -> 12595000 | J18: =1/10*G18 -> 0
A19: 11 | B19: Cipret | C19: 21-6-22 | D19: ='31-3-26'!I19 -> 3500000 | H19: =SUM(F19:G19) -> 0 | I19: =D19-F19 -> 3500000 | J19: =1/10*G19 -> 0
A20: 12 | B20: Ika Kurniasih | C20: 03-1-22 | D20: ='31-3-26'!I20 -> 42000000 | H20: =SUM(F20:G20) -> 0 | I20: =D20-F20 -> 42000000 | J20: =1/10*G20 -> 0
... A45: 37 | B45: Utami | C45: 20/08/24 | D45: ='31-3-26'!I45 -> 10875000 | H45: =SUM(F45:G45) -> 0 | I45: =D45-F45 -> 10875000 | J45: =1/10*G45 -> 0
A46: 38 | B46: Karjono | C46: 10/09/24 | D46: ='31-3-26'!I46 -> 300000 | E46: 19 | F46: 150000 | G46: 60000 | H46: =SUM(F46:G46) -> 210000 | I46: =D46-F46 -> 150000 | J46: =1/10*G46 -> 6000
A47: 39 | B47: Kuswono Katam | C47: 05/11/24 | D47: ='31-3-26'!I47 -> 9300000 | H47: =SUM(F47:G47) -> 0 | I47: =D47-F47 -> 9300000 | J47: =1/10*G47 -> 0
A48: 40 | B48: Sarijem | C48: 05/11/24 | D48: ='31-3-26'!I48 -> 800000 | H48: =SUM(F48:G48) -> 0 | I48: =D48-F48 -> 800000 | J48: =1/10*G48 -> 0
A49: 41 | B49: Nisem | C49: 03/12/24 | D49: ='31-3-26'!I49 -> 9600000 | H49: =SUM(F49:G49) -> 0 | I49: =D49-F49 -> 9600000 | J49: =1/10*G49 -> 0
A50: 42 | B50: Saroji | C50: 17/12/24 | D50: ='31-3-26'!I50 -> 0 | H50: =SUM(F50:G50) -> 0 | I50: =D50-F50 -> 0 | J50: =1/10*G50 -> 0
A51: 43 | B51: Minardi | C51: 21/1/25 | D51: ='31-3-26'!I51 -> 15700000 | H51: =SUM(F51:G51) -> 0 | I51: =D51-F51 -> 15700000 | J51: =1/10*G51 -> 0
A52: 44 | B52: Kuat Siti Kirana | C52: 28/1/25 | D52: ='31-3-26'!I52 -> 25000000 | H52: =SUM(F52:G52) -> 0 | I52: =D52-F52 -> 25000000 | J52: =1/10*G52 -> 0
A53: 45 | B53: Vijja Ratano | C53: 18/2/25 | D53: ='31-3-26'!I53 -> 0 | H53: =SUM(F53:G53) -> 0 | I53: =D53-F53 -> 0 | J53: =1/10*G53 -> 0
A54: 46 | B54: Suroto | C54: 18/2/25 | D54: ='31-3-26'!I54 -> 4600000 | H54: =SUM(F54:G54) -> 0 | I54: =D54-F54 -> 4600000 | J54: =1/10*G54 -> 0
A55: 47 | B55: Sono | C55: 25/2/25 | D55: ='31-3-26'!I55 -> 7460000 | H55: =SUM(F55:G55) -> 0 | I55: =D55-F55 -> 7460000 | J55: =1/10*G55 -> 0
A56: 48 | B56: Metta Candra D. | C56: 25/2/25 | D56: ='31-3-26'!I56 -> 200000 | H56: =SUM(F56:G56) -> 0 | I56: =D56-F56 -> 200000 | J56: =1/10*G56 -> 0
A57: 49 | B57: Mislam | C57: 25/2/25 | D57: ='31-3-26'!I57 -> 20000000 | H57: =SUM(F57:G57) -> 0 | I57: =D57-F57 -> 20000000 | J57: =1/10*G57 -> 0
A58: 50 | B58: Lewih | C58: 25/3/25 | D58: ='31-3-26'!I58 -> 980000 | H58: =SUM(F58:G58) -> 0 | I58: =D58-F58 -> 980000 | J58: =1/10*G58 -> 0
... A72: 64 | B72: Vijja Ratano | C72: 24/2/26 | D72: ='31-3-26'!I72 -> 1800000 | H72: =SUM(F72:G72) -> 0 | I72: =D72-F72 -> 1800000 | J72: =1/10*G72 -> 0
A73: 65 | B73: Tukimin | C73: 24/2/26 | D73: 5000000 | H73: =SUM(F73:G73) -> 0 | I73: =D73-F73 -> 5000000 | J73: =1/10*G73 -> 0
A74: 66 | B74: Hartini | C74: 4/3/26 | D74: ='31-3-26'!I74 -> 4000000 | H74: =SUM(F74:G74) -> 0 | I74: =D74-F74 -> 4000000 | J74: =1/10*G74 -> 0
A75: 67 | B75: Suminah | C75: 4/3/26 | D75: ='31-3-26'!I75 -> 3000000 | E75: 1 | F75: 300000 | G75: 60000 | H75: =SUM(F75:G75) -> 360000 | I75: =D75-F75 -> 2700000 | J75: =1/10*G75 -> 6000
A76: 68 | B76: Slamet Suwanto | C76: 10/3/26 | D76: ='31-3-26'!I76 -> 1100000 | E76: 1 | F76: 110000 | G76: 22000 | H76: =SUM(F76:G76) -> 132000 | I76: =D76-F76 -> 990000 | J76: =1/10*G76 -> 2200
A77: 69 | B77: Mursono | C77: 10/3/26 | D77: ='31-3-26'!I77 -> 5000000 | E77: 1 | F77: 250000 | G77: 100000 | H77: =SUM(F77:G77) -> 350000 | I77: =D77-F77 -> 4750000 | J77: =1/10*G77 -> 10000
A78: 70 | B78: Suwanto | C78: 17/3/26 | D78: ='24-3-26'!I78 -> 10000000 | H78: =SUM(F78:G78) -> 0 | I78: =D78-F78 -> 10000000 | J78: =1/10*G78 -> 0
A79: 71 | B79: Rusmini Bolot | C79: 17/3/26 | D79: ='24-3-26'!I79 -> 3000000 | E79: 1 | F79: 300000 | G79: 60000 | H79: =SUM(F79:G79) -> 360000 | I79: =D79-F79 -> 2700000 | J79: =1/10*G79 -> 6000
A80: 72 | B80: Kartina | C80: 17/3/26 | D80: ='24-3-26'!I80 -> 1000000 | E80: 1 | F80: 200000 | G80: 40000 | H80: =SUM(F80:G80) -> 240000 | I80: =D80-F80 -> 800000 | J80: =1/10*G80 -> 4000
A81: 73 | B81: Kono | C81: 17/3/26 | D81: ='24-3-26'!I81 -> 7000000 | H81: =SUM(F81:G81) -> 0 | I81: =D81-F81 -> 7000000 | J81: =1/10*G81 -> 0
A82: 74 | B82: Suyono | C82: 31/3/26 | D82: 1000000 | H82: =SUM(F82:G82) -> 0 | I82: =D82-F82 -> 1000000 | J82: =1/10*G82 -> 0
D83: ='24-3-26'!I83 -> 0 | H83: =SUM(F83:G83) -> 0 | I83: =D83-F83 -> 0 | J83: =1/10*G83 -> 0
D84: ='24-3-26'!I84 -> 0 | H84: =SUM(F84:G84) -> 0 | I84: =D84-F84 -> 0 | J84: =1/10*G84 -> 0
D85: ='24-3-26'!I85 -> 0 | H85: =SUM(F85:G85) -> 0 | I85: =D85-F85 -> 0 | J85: =1/10*G85 -> 0
D86: ='24-3-26'!I86 -> 0 | H86: =SUM(F86:G86) -> 0 | I86: =D86-F86 -> 0 | J86: =1/10*G86 -> 0
D87: ='24-3-26'!I87 -> 0 | H87: =SUM(F87:G87) -> 0 | I87: =D87-F87 -> 0 | J87: =1/10*G87 -> 0
D88: ='24-3-26'!I88 -> 0 | H88: =SUM(F88:G88) -> 0 | I88: =D88-F88 -> 0 | J88: =1/10*G88 -> 0
D89: ='24-3-26'!I89 -> 0 | H89: =SUM(F89:G89) -> 0 | I89: =D89-F89 -> 0 | J89: =1/10*G89 -> 0
D90: ='24-3-26'!I90 -> 0 | H90: =SUM(F90:G90) -> 0 | I90: =D90-F90 -> 0 | J90: =1/10*G90 -> 0
D91: ='24-3-26'!I91 -> 0 | H91: =SUM(F91:G91) -> 0 | I91: =D91-F91 -> 0 | J91: =1/10*G91 -> 0
D92: ='24-3-26'!I92 -> 0 | H92: =SUM(F92:G92) -> 0 | I92: =D92-F92 -> 0 | J92: =1/10*G92 -> 0
D93: ='24-3-26'!I93 -> 0 | H93: =SUM(F93:G93) -> 0 | I93: =D93-F93 -> 0 | J93: =1/10*G93 -> 0
D94: ='24-3-26'!I94 -> 0 | H94: =SUM(F94:G94) -> 0 | I94: =D94-F94 -> 0 | J94: =1/10*G94 -> 0
... D187: ='24-3-26'!I187 -> 0 | H187: =SUM(F187:G187) -> 0 | I187: =D187-F187 -> 0 | J187: =1/10*G187 -> 0
B188: Jumlah | D188: =SUM(D9:D187) -> 463052000 | E188: =SUM(E9:E187) -> 24 | F188: =SUM(F9:F187) -> 1310000 | G188: =SUM(G9:G187) -> 342000 | H188: =SUM(H9:H187) -> 1652000 | I188: =SUM(I9:I187) -> 461742000 | J188: =SUM(J9:J187) -> 34200
B190: Catatan | C190: :
B191: Total jasa | C191: ; Rp | D191: =G188 -> 342000 | F191: Windusari, 7 April 2026
B192: Tiap bagian | C192: ; Rp | D192: =D191/20 -> 17100 | F192: Pengurus KSU "CAHAYA DHAMMA PHALA"
B193: Rincian | C193: ; | F193: Ketua | H193: Bendahara
B194: Japinup | C194: ; Rp | D194: =11*D192 -> 188100
B195: Dana Sosial | C195: ; Rp | D195: =1/2*D192 -> 8550
B196: Dana Pendidikan | C196: ; Rp | D196: =1/2*D192 -> 8550
B197: Dana CRK | C197: ; Rp | D197: =1/2*D192 -> 8550
B198: Dana Pembangunan | C198: ; Rp | D198: =1/2*D192 -> 8550 | F198: Waridi | H198: Oru Wasaton
B199: SWK | C199: ; Rp | D199: =2*D192 -> 34200
B200: Dana Kesra | C200: ; Rp | D200: =5*D192 -> 85500
B201: Jumlah | C201: ; Rp | D201: =SUM(D194:D200) -> 342000

Sheet 14-4-26
A1: KOPERASI SERBA USAHA "CAHAYA DHAMMA PHALA"
A2: Badan Hukum No. 2/BH/XIV.1/II/2016 Tanggal 5 Februari 2016
A3: Dukuh Windusari, Desa Sokaraja, Kec. Pagentan, Kab. Banjarnegara 53455
A5: BUKU ANGSURAN PINJAMAN ANGGOTA
A6: Per 14 April 2026
A7: NO. | B7: NAMA | C7: TGL | E7: ANGSURAN PINJAMAN | I7: SISA | J7: SWK
E8: KE | F8: POKOK | G8: JASA | H8: JUMLAH
A9: 1 | B9: Suryadi | C9: 4-4-17 | D9: ='7-4-26'!I9 -> 5500000 | H9: =SUM(F9:G9) -> 0 | I9: =D9-F9 -> 5500000 | J9: =1/10*G9 -> 0
A10: 2 | B10: Waginah | C10: 16-5-17 | D10: ='7-4-26'!I10 -> 1910000 | H10: =SUM(F10:G10) -> 0 | I10: =D10-F10 -> 1910000 | J10: =1/10*G10 -> 0
A11: 3 | B11: Tarmono | C11: 18-8-20 | D11: ='7-4-26'!I11 -> 0 | H11: =SUM(F11:G11) -> 0 | I11: =D11-F11 -> 0 | J11: =1/10*G11 -> 0
A12: 4 | B12: Juliyah | C12: 2-2-21 | D12: ='7-4-26'!I12 -> 13750000 | H12: =SUM(F12:G12) -> 0 | I12: =D12-F12 -> 13750000 | J12: =1/10*G12 -> 0
A13: 5 | B13: Purwadi | C13: 14-03-21 | D13: ='7-4-26'!I13 -> 19950000 | H13: =SUM(F13:G13) -> 0 | I13: =D13-F13 -> 19950000 | J13: =1/10*G13 -> 0
A14: 6 | B14: Waluyo Ragil | C14: 27-04-21 | D14: ='7-4-26'!I14 -> 100000 | H14: =SUM(F14:G14) -> 0 | I14: =D14-F14 -> 100000 | J14: =1/10*G14 -> 0
A15: 7 | B15: Sapdono | C15: 24-8-23 | D15: ='7-4-26'!I15 -> 10500000 | H15: =SUM(F15:G15) -> 0 | I15: =D15-F15 -> 10500000 | J15: =1/10*G15 -> 0
A16: 8 | B16: Sudarma Widya | C16: 28-09-21 | D16: ='7-4-26'!I16 -> 15310000 | H16: =SUM(F16:G16) -> 0 | I16: =D16-F16 -> 15310000 | J16: =1/10*G16 -> 0
A17: 9 | B17: Rahmadi | C17: 15-2-22 | D17: ='7-4-26'!I17 -> 6150000 | H17: =SUM(F17:G17) -> 0 | I17: =D17-F17 -> 6150000 | J17: =1/10*G17 -> 0
A18: 10 | B18: Ratmi | C18: 8-3-22 | D18: ='7-4-26'!I18 -> 12595000 | H18: =SUM(F18:G18) -> 0 | I18: =D18-F18 -> 12595000 | J18: =1/10*G18 -> 0
A19: 11 | B19: Cipret | C19: 21-6-22 | D19: ='7-4-26'!I19 -> 3500000 | H19: =SUM(F19:G19) -> 0 | I19: =D19-F19 -> 3500000 | J19: =1/10*G19 -> 0
A20: 12 | B20: Ika Kurniasih | C20: 03-1-22 | D20: ='7-4-26'!I20 -> 42000000 | H20: =SUM(F20:G20) -> 0 | I20: =D20-F20 -> 42000000 | J20: =1/10*G20 -> 0
... A34: 26 | B34: Wahyuni | C34: 30/1/24 | D34: ='7-4-26'!I34 -> 2400000 | H34: =SUM(F34:G34) -> 0 | I34: =D34-F34 -> 2400000 | J34: =1/10*G34 -> 0
A35: 27 | B35: Karsih | C35: 30/1/24 | D35: ='7-4-26'!I35 -> 3500000 | E35: 7 | F35: 250000 | G35: 100000 | H35: =SUM(F35:G35) -> 350000 | I35: =D35-F35 -> 3250000 | J35: =1/10*G35 -> 10000
A36: 28 | B36: Painten Darwito | C36: 16/2/24 | D36: ='7-4-26'!I36 -> 7800000 | H36: =SUM(F36:G36) -> 0 | I36: =D36-F36 -> 7800000 | J36: =1/10*G36 -> 0
A37: 29 | B37: Karni | C37: 2/4/24 | D37: ='7-4-26'!I37 -> 1250000 | H37: =SUM(F37:G37) -> 0 | I37: =D37-F37 -> 1250000 | J37: =1/10*G37 -> 0
A38: 30 | B38: Siyo Dwiroso | C38: 16/4/24 | D38: ='7-4-26'!I38 -> 5800000 | H38: =SUM(F38:G38) -> 0 | I38: =D38-F38 -> 5800000 | J38: =1/10*G38 -> 0
A39: 31 | B39: Purwati | C39: 4/6/24 | D39: ='7-4-26'!I39 -> 14320000 | H39: =SUM(F39:G39) -> 0 | I39: =D39-F39 -> 14320000 | J39: =1/10*G39 -> 0
A40: 32 | B40: Tarsini | C40: 02/07/24 | D40: ='7-4-26'!I40 -> 0 | H40: =SUM(F40:G40) -> 0 | I40: =D40-F40 -> 0 | J40: =1/10*G40 -> 0
A41: 33 | B41: Santosa | C41: 09/07/24 | D41: ='7-4-26'!I41 -> 1500000 | H41: =SUM(F41:G41) -> 0 | I41: =D41-F41 -> 1500000 | J41: =1/10*G41 -> 0
A42: 34 | B42: Priyono | C42: 16/07/24 | D42: ='7-4-26'!I42 -> 1200000 | H42: =SUM(F42:G42) -> 0 | I42: =D42-F42 -> 1200000 | J42: =1/10*G42 -> 0
A43: 35 | B43: Karyono | C43: 30/07/24 | D43: ='7-4-26'!I43 -> 5250000 | H43: =SUM(F43:G43) -> 0 | I43: =D43-F43 -> 5250000 | J43: =1/10*G43 -> 0
A44: 36 | B44: Dwiyanto | C44: 06/08/24 | D44: ='7-4-26'!I44 -> 10320000 | H44: =SUM(F44:G44) -> 0 | I44: =D44-F44 -> 10320000 | J44: =1/10*G44 -> 0
A45: 37 | B45: Utami | C45: 20/08/24 | D45: ='7-4-26'!I45 -> 10875000 | H45: =SUM(F45:G45) -> 0 | I45: =D45-F45 -> 10875000 | J45: =1/10*G45 -> 0
A46: 38 | B46: Karjono | C46: 10/09/24 | D46: ='7-4-26'!I46 -> 150000 | H46: =SUM(F46:G46) -> 0 | I46: =D46-F46 -> 150000 | J46: =1/10*G46 -> 0
A47: 39 | B47: Kuswono Katam | C47: 05/11/24 | D47: ='7-4-26'!I47 -> 9300000 | H47: =SUM(F47:G47) -> 0 | I47: =D47-F47 -> 9300000 | J47: =1/10*G47 -> 0
A48: 40 | B48: Sarijem | C48: 05/11/24 | D48: ='7-4-26'!I48 -> 800000 | H48: =SUM(F48:G48) -> 0 | I48: =D48-F48 -> 800000 | J48: =1/10*G48 -> 0
A49: 41 | B49: Nisem | C49: 03/12/24 | D49: ='7-4-26'!I49 -> 9600000 | E49: 9 | F49: 260000 | G49: 240000 | H49: =SUM(F49:G49) -> 500000 | I49: =D49-F49 -> 9340000 | J49: =1/10*G49 -> 24000
A50: 42 | B50: Saroji | C50: 17/12/24 | D50: ='7-4-26'!I50 -> 0 | H50: =SUM(F50:G50) -> 0 | I50: =D50-F50 -> 0 | J50: =1/10*G50 -> 0
A51: 43 | B51: Minardi | C51: 21/1/25 | D51: ='7-4-26'!I51 -> 15700000 | H51: =SUM(F51:G51) -> 0 | I51: =D51-F51 -> 15700000 | J51: =1/10*G51 -> 0
A52: 44 | B52: Kuat Siti Kirana | C52: 28/1/25 | D52: ='7-4-26'!I52 -> 25000000 | H52: =SUM(F52:G52) -> 0 | I52: =D52-F52 -> 25000000 | J52: =1/10*G52 -> 0
A53: 45 | B53: Vijja Ratano | C53: 18/2/25 | D53: ='7-4-26'!I53 -> 0 | H53: =SUM(F53:G53) -> 0 | I53: =D53-F53 -> 0 | J53: =1/10*G53 -> 0
A54: 46 | B54: Suroto | C54: 18/2/25 | D54: ='7-4-26'!I54 -> 4600000 | H54: =SUM(F54:G54) -> 0 | I54: =D54-F54 -> 4600000 | J54: =1/10*G54 -> 0
A55: 47 | B55: Sono | C55: 25/2/25 | D55: ='7-4-26'!I55 -> 7460000 | H55: =SUM(F55:G55) -> 0 | I55: =D55-F55 -> 7460000 | J55: =1/10*G55 -> 0
A56: 48 | B56: Metta Candra D. | C56: 25/2/25 | D56: ='7-4-26'!I56 -> 200000 | H56: =SUM(F56:G56) -> 0 | I56: =D56-F56 -> 200000 | J56: =1/10*G56 -> 0
A57: 49 | B57: Mislam | C57: 25/2/25 | D57: ='7-4-26'!I57 -> 20000000 | H57: =SUM(F57:G57) -> 0 | I57: =D57-F57 -> 20000000 | J57: =1/10*G57 -> 0
A58: 50 | B58: Lewih | C58: 25/3/25 | D58: ='7-4-26'!I58 -> 980000 | H58: =SUM(F58:G58) -> 0 | I58: =D58-F58 -> 980000 | J58: =1/10*G58 -> 0
A59: 51 | B59: Rusmini Bolot | C59: 8/4/25 | D59: ='7-4-26'!I59 -> 0 | H59: =SUM(F59:G59) -> 0 | I59: =D59-F59 -> 0 | J59: =1/10*G59 -> 0
A60: 52 | B60: Kadi | C60: 15/4/25 | D60: ='7-4-26'!I60 -> 3000000 | H60: =SUM(F60:G60) -> 0 | I60: =D60-F60 -> 3000000 | J60: =1/10*G60 -> 0
A61: 53 | B61: Marsito | C61: 27-5-25 | D61: ='7-4-26'!I61 -> 230000 | H61: =SUM(F61:G61) -> 0 | I61: =D61-F61 -> 230000 | J61: =1/10*G61 -> 0
... A63: 55 | B63: Manis | C63: 15r-7-25 | D63: ='7-4-26'!I63 -> 0 | H63: =SUM(F63:G63) -> 0 | I63: =D63-F63 -> 0 | J63: =1/10*G63 -> 0
A64: 56 | B64: Turyanto Madiono | C64: 12-8-25 | D64: ='7-4-26'!I64 -> 1350000 | E64: 2 | F64: 1350000 | G64: 60000 | H64: =SUM(F64:G64) -> 1410000 | I64: =D64-F64 -> 0 | J64: =1/10*G64 -> 6000
A65: 57 | B65: Aniah Marsih | C65: 26/9/25 | D65: ='7-4-26'!I65 -> 5862000 | H65: =SUM(F65:G65) -> 0 | I65: =D65-F65 -> 5862000 | J65: =1/10*G65 -> 0
A66: 58 | B66: Ranem | C66: 26/9/25 | D66: ='7-4-26'!I66 -> 150000 | E66: 8 | F66: 50000 | G66: 10000 | H66: =SUM(F66:G66) -> 60000 | I66: =D66-F66 -> 100000 | J66: =1/10*G66 -> 1000
A67: 59 | B67: Tato | C67: 18/11/25 | D67: ='7-4-26'!I67 -> 0 | H67: =SUM(F67:G67) -> 0 | I67: =D67-F67 -> 0 | J67: =1/10*G67 -> 0
A68: 60 | B68: Oruwasaton | C68: 24/2/26 | D68: ='7-4-26'!I68 -> 10000000 | H68: =SUM(F68:G68) -> 0 | I68: =D68-F68 -> 10000000 | J68: =1/10*G68 -> 0
A69: 61 | B69: Budi Rahayu | C69: 24/2/26 | D69: ='7-4-26'!I69 -> 50000000 | H69: =SUM(F69:G69) -> 0 | I69: =D69-F69 -> 50000000 | J69: =1/10*G69 -> 0
A70: 62 | B70: Waridi | C70: 24/2/26 | D70: ='7-4-26'!I70 -> 1000000 | H70: =SUM(F70:G70) -> 0 | I70: =D70-F70 -> 1000000 | J70: =1/10*G70 -> 0
A71: 63 | B71: Jumini | C71: 24/2/26 | D71: ='7-4-26'!I71 -> 2500000 | E71: 2 | F71: 500000 | G71: 60000 | H71: =SUM(F71:G71) -> 560000 | I71: =D71-F71 -> 2000000 | J71: =1/10*G71 -> 6000
A72: 64 | B72: Vijja Ratano | C72: 24/2/26 | D72: ='7-4-26'!I72 -> 1800000 | H72: =SUM(F72:G72) -> 0 | I72: =D72-F72 -> 1800000 | J72: =1/10*G72 -> 0
A73: 65 | B73: Tukimin | C73: 24/2/26 | D73: 5000000 | H73: =SUM(F73:G73) -> 0 | I73: =D73-F73 -> 5000000 | J73: =1/10*G73 -> 0
A74: 66 | B74: Hartini | C74: 4/3/26 | D74: ='7-4-26'!I74 -> 4000000 | H74: =SUM(F74:G74) -> 0 | I74: =D74-F74 -> 4000000 | J74: =1/10*G74 -> 0
A75: 67 | B75: Suminah | C75: 4/3/26 | D75: ='7-4-26'!I75 -> 2700000 | H75: =SUM(F75:G75) -> 0 | I75: =D75-F75 -> 2700000 | J75: =1/10*G75 -> 0
A76: 68 | B76: Slamet Suwanto | C76: 10/3/26 | D76: ='7-4-26'!I76 -> 990000 | H76: =SUM(F76:G76) -> 0 | I76: =D76-F76 -> 990000 | J76: =1/10*G76 -> 0
A77: 69 | B77: Mursono | C77: 10/3/26 | D77: ='7-4-26'!I77 -> 4750000 | H77: =SUM(F77:G77) -> 0 | I77: =D77-F77 -> 4750000 | J77: =1/10*G77 -> 0
A78: 70 | B78: Suwanto | C78: 17/3/26 | D78: ='7-4-26'!I78 -> 10000000 | E78: 1 | F78: 500000 | G78: 200000 | H78: =SUM(F78:G78) -> 700000 | I78: =D78-F78 -> 9500000 | J78: =1/10*G78 -> 20000
A79: 71 | B79: Rusmini Bolot | C79: 17/3/26 | D79: ='7-4-26'!I79 -> 2700000 | H79: =SUM(F79:G79) -> 0 | I79: =D79-F79 -> 2700000 | J79: =1/10*G79 -> 0
A80: 72 | B80: Kartina | C80: 17/3/26 | D80: ='7-4-26'!I80 -> 800000 | H80: =SUM(F80:G80) -> 0 | I80: =D80-F80 -> 800000 | J80: =1/10*G80 -> 0
A81: 73 | B81: Kono | C81: 17/3/26 | D81: ='7-4-26'!I81 -> 7000000 | H81: =SUM(F81:G81) -> 0 | I81: =D81-F81 -> 7000000 | J81: =1/10*G81 -> 0
A82: 74 | B82: Suyono | C82: 31/3/26 | D82: ='7-4-26'!I82 -> 1000000 | H82: =SUM(F82:G82) -> 0 | I82: =D82-F82 -> 1000000 | J82: =1/10*G82 -> 0
A83: 75 | B83: Saliyah | C83: 14/4/26 | D83: 500000 | H83: =SUM(F83:G83) -> 0 | I83: =D83-F83 -> 500000 | J83: =1/10*G83 -> 0
A84: 76 | B84: Turyanto Madiono | C84: 14/4/26 | D84: 500000 | H84: =SUM(F84:G84) -> 0 | I84: =D84-F84 -> 500000 | J84: =1/10*G84 -> 0
D85: ='24-3-26'!I85 -> 0 | H85: =SUM(F85:G85) -> 0 | I85: =D85-F85 -> 0 | J85: =1/10*G85 -> 0
D86: ='24-3-26'!I86 -> 0 | H86: =SUM(F86:G86) -> 0 | I86: =D86-F86 -> 0 | J86: =1/10*G86 -> 0
D87: ='24-3-26'!I87 -> 0 | H87: =SUM(F87:G87) -> 0 | I87: =D87-F87 -> 0 | J87: =1/10*G87 -> 0
D88: ='24-3-26'!I88 -> 0 | H88: =SUM(F88:G88) -> 0 | I88: =D88-F88 -> 0 | J88: =1/10*G88 -> 0
D89: ='24-3-26'!I89 -> 0 | H89: =SUM(F89:G89) -> 0 | I89: =D89-F89 -> 0 | J89: =1/10*G89 -> 0
D90: ='24-3-26'!I90 -> 0 | H90: =SUM(F90:G90) -> 0 | I90: =D90-F90 -> 0 | J90: =1/10*G90 -> 0
D91: ='24-3-26'!I91 -> 0 | H91: =SUM(F91:G91) -> 0 | I91: =D91-F91 -> 0 | J91: =1/10*G91 -> 0
D92: ='24-3-26'!I92 -> 0 | H92: =SUM(F92:G92) -> 0 | I92: =D92-F92 -> 0 | J92: =1/10*G92 -> 0
D93: ='24-3-26'!I93 -> 0 | H93: =SUM(F93:G93) -> 0 | I93: =D93-F93 -> 0 | J93: =1/10*G93 -> 0
D94: ='24-3-26'!I94 -> 0 | H94: =SUM(F94:G94) -> 0 | I94: =D94-F94 -> 0 | J94: =1/10*G94 -> 0
D95: ='24-3-26'!I95 -> 0 | H95: =SUM(F95:G95) -> 0 | I95: =D95-F95 -> 0 | J95: =1/10*G95 -> 0
D96: ='24-3-26'!I96 -> 0 | H96: =SUM(F96:G96) -> 0 | I96: =D96-F96 -> 0 | J96: =1/10*G96 -> 0
... D187: ='24-3-26'!I187 -> 0 | H187: =SUM(F187:G187) -> 0 | I187: =D187-F187 -> 0 | J187: =1/10*G187 -> 0
B188: Jumlah | D188: =SUM(D9:D187) -> 462742000 | E188: =SUM(E9:E187) -> 29 | F188: =SUM(F9:F187) -> 2910000 | G188: =SUM(G9:G187) -> 670000 | H188: =SUM(H9:H187) -> 3580000 | I188: =SUM(I9:I187) -> 459832000 | J188: =SUM(J9:J187) -> 67000
B190: Catatan | C190: :
B191: Total jasa | C191: ; Rp | D191: =G188 -> 670000 | F191: Windusari, 14 April 2026
B192: Tiap bagian | C192: ; Rp | D192: =D191/20 -> 33500 | F192: Pengurus KSU "CAHAYA DHAMMA PHALA"
B193: Rincian | C193: ; | F193: Ketua | H193: Bendahara
B194: Japinup | C194: ; Rp | D194: =11*D192 -> 368500
B195: Dana Sosial | C195: ; Rp | D195: =1/2*D192 -> 16750
B196: Dana Pendidikan | C196: ; Rp | D196: =1/2*D192 -> 16750
B197: Dana CRK | C197: ; Rp | D197: =1/2*D192 -> 16750
B198: Dana Pembangunan | C198: ; Rp | D198: =1/2*D192 -> 16750 | F198: Waridi | H198: Oru Wasaton
B199: SWK | C199: ; Rp | D199: =2*D192 -> 67000
B200: Dana Kesra | C200: ; Rp | D200: =5*D192 -> 167500
B201: Jumlah | C201: ; Rp | D201: =SUM(D194:D200) -> 670000

Sheet 21-4-26
A1: KOPERASI SERBA USAHA "CAHAYA DHAMMA PHALA"
A2: Badan Hukum No. 2/BH/XIV.1/II/2016 Tanggal 5 Februari 2016
A3: Dukuh Windusari, Desa Sokaraja, Kec. Pagentan, Kab. Banjarnegara 53455
A5: BUKU ANGSURAN PINJAMAN ANGGOTA
A6: Per 21 April 2026
A7: NO. | B7: NAMA | C7: TGL | E7: ANGSURAN PINJAMAN | I7: SISA | J7: SWK
E8: KE | F8: POKOK | G8: JASA | H8: JUMLAH
A9: 1 | B9: Suryadi | C9: 4-4-17 | D9: ='14-4-26'!I9 -> 5500000 | H9: =SUM(F9:G9) -> 0 | I9: =D9-F9 -> 5500000 | J9: =1/10*G9 -> 0
A10: 2 | B10: Waginah | C10: 16-5-17 | D10: ='14-4-26'!I10 -> 1910000 | H10: =SUM(F10:G10) -> 0 | I10: =D10-F10 -> 1910000 | J10: =1/10*G10 -> 0
A11: 3 | B11: Tarmono | C11: 18-8-20 | D11: ='14-4-26'!I11 -> 0 | H11: =SUM(F11:G11) -> 0 | I11: =D11-F11 -> 0 | J11: =1/10*G11 -> 0
A12: 4 | B12: Juliyah | C12: 2-2-21 | D12: ='14-4-26'!I12 -> 13750000 | H12: =SUM(F12:G12) -> 0 | I12: =D12-F12 -> 13750000 | J12: =1/10*G12 -> 0
A13: 5 | B13: Purwadi | C13: 14-03-21 | D13: ='14-4-26'!I13 -> 19950000 | H13: =SUM(F13:G13) -> 0 | I13: =D13-F13 -> 19950000 | J13: =1/10*G13 -> 0
A14: 6 | B14: Waluyo Ragil | C14: 27-04-21 | D14: ='14-4-26'!I14 -> 100000 | H14: =SUM(F14:G14) -> 0 | I14: =D14-F14 -> 100000 | J14: =1/10*G14 -> 0
A15: 7 | B15: Sapdono | C15: 24-8-23 | D15: ='14-4-26'!I15 -> 10500000 | H15: =SUM(F15:G15) -> 0 | I15: =D15-F15 -> 10500000 | J15: =1/10*G15 -> 0
A16: 8 | B16: Sudarma Widya | C16: 28-09-21 | D16: ='14-4-26'!I16 -> 15310000 | H16: =SUM(F16:G16) -> 0 | I16: =D16-F16 -> 15310000 | J16: =1/10*G16 -> 0
A17: 9 | B17: Rahmadi | C17: 15-2-22 | D17: ='14-4-26'!I17 -> 6150000 | H17: =SUM(F17:G17) -> 0 | I17: =D17-F17 -> 6150000 | J17: =1/10*G17 -> 0
A18: 10 | B18: Ratmi | C18: 8-3-22 | D18: ='14-4-26'!I18 -> 12595000 | E18: 12 | F18: 600000 | G18: 400000 | H18: =SUM(F18:G18) -> 1000000 | I18: =D18-F18 -> 11995000 | J18: =1/10*G18 -> 40000
A19: 11 | B19: Cipret | C19: 21-6-22 | D19: ='14-4-26'!I19 -> 3500000 | H19: =SUM(F19:G19) -> 0 | I19: =D19-F19 -> 3500000 | J19: =1/10*G19 -> 0
A20: 12 | B20: Ika Kurniasih | C20: 03-1-22 | D20: ='14-4-26'!I20 -> 42000000 | H20: =SUM(F20:G20) -> 0 | I20: =D20-F20 -> 42000000 | J20: =1/10*G20 -> 0
A21: 13 | B21: Kamto | C21: 28-2-23 | D21: ='14-4-26'!I21 -> 12680000 | H21: =SUM(F21:G21) -> 0 | I21: =D21-F21 -> 12680000 | J21: =1/10*G21 -> 0
A22: 14 | B22: Handi Cahyono | C22: 04-04-23 | D22: ='14-4-26'!I22 -> 0 | H22: =SUM(F22:G22) -> 0 | I22: =D22-F22 -> 0 | J22: =1/10*G22 -> 0
A23: 15 | B23: Hartati | C23: 04-04-23 | D23: ='14-4-26'!I23 -> 1500000 | H23: =SUM(F23:G23) -> 0 | I23: =D23-F23 -> 1500000 | J23: =1/10*G23 -> 0
A24: 16 | B24: Sartiyah | C24: 04-04-23 | D24: ='14-4-26'!I24 -> 600000 | H24: =SUM(F24:G24) -> 0 | I24: =D24-F24 -> 600000 | J24: =1/10*G24 -> 0
A25: 17 | B25: Dwi Vijjayanti | C25: 11-04-23 | D25: ='14-4-26'!I25 -> 22200000 | H25: =SUM(F25:G25) -> 0 | I25: =D25-F25 -> 22200000 | J25: =1/10*G25 -> 0
A26: 18 | B26: Marsinem | C26: 2-5-23 | D26: ='14-4-26'!I26 -> 3800000 | H26: =SUM(F26:G26) -> 0 | I26: =D26-F26 -> 3800000 | J26: =1/10*G26 -> 0
A27: 19 | B27: Suharjanto | C27: 11/7/23 | D27: ='14-4-26'!I27 -> 760000 | H27: =SUM(F27:G27) -> 0 | I27: =D27-F27 -> 760000 | J27: =1/10*G27 -> 0
A28: 20 | B28: Saliyah | C28: 18/7/23 | D28: ='14-4-26'!I28 -> 0 | H28: =SUM(F28:G28) -> 0 | I28: =D28-F28 -> 0 | J28: =1/10*G28 -> 0
A29: 21 | B29: Suminah | C29: 26-9-23 | D29: ='14-4-26'!I29 -> 0 | H29: =SUM(F29:G29) -> 0 | I29: =D29-F29 -> 0 | J29: =1/10*G29 -> 0
A30: 22 | B30: Leni | C30: 10-10-23 | D30: ='14-4-26'!I30 -> 2750000 | H30: =SUM(F30:G30) -> 0 | I30: =D30-F30 -> 2750000 | J30: =1/10*G30 -> 0
... A35: 27 | B35: Karsih | C35: 30/1/24 | D35: ='14-4-26'!I35 -> 3250000 | H35: =SUM(F35:G35) -> 0 | I35: =D35-F35 -> 3250000 | J35: =1/10*G35 -> 0
A36: 28 | B36: Painten Darwito | C36: 16/2/24 | D36: ='14-4-26'!I36 -> 7800000 | E36: 24 | F36: 1400000 | G36: 800000 | H36: =SUM(F36:G36) -> 2200000 | I36: =D36-F36 -> 6400000 | J36: =1/10*G36 -> 80000
A37: 29 | B37: Karni | C37: 2/4/24 | D37: ='14-4-26'!I37 -> 1250000 | H37: =SUM(F37:G37) -> 0 | I37: =D37-F37 -> 1250000 | J37: =1/10*G37 -> 0
A38: 30 | B38: Siyo Dwiroso | C38: 16/4/24 | D38: ='14-4-26'!I38 -> 5800000 | H38: =SUM(F38:G38) -> 0 | I38: =D38-F38 -> 5800000 | J38: =1/10*G38 -> 0
A39: 31 | B39: Purwati | C39: 4/6/24 | D39: ='14-4-26'!I39 -> 14320000 | H39: =SUM(F39:G39) -> 0 | I39: =D39-F39 -> 14320000 | J39: =1/10*G39 -> 0
A40: 32 | B40: Tarsini | C40: 02/07/24 | D40: ='14-4-26'!I40 -> 0 | H40: =SUM(F40:G40) -> 0 | I40: =D40-F40 -> 0 | J40: =1/10*G40 -> 0
A41: 33 | B41: Santosa | C41: 09/07/24 | D41: ='14-4-26'!I41 -> 1500000 | H41: =SUM(F41:G41) -> 0 | I41: =D41-F41 -> 1500000 | J41: =1/10*G41 -> 0
A42: 34 | B42: Priyono | C42: 16/07/24 | D42: ='14-4-26'!I42 -> 1200000 | H42: =SUM(F42:G42) -> 0 | I42: =D42-F42 -> 1200000 | J42: =1/10*G42 -> 0
A43: 35 | B43: Karyono | C43: 30/07/24 | D43: ='14-4-26'!I43 -> 5250000 | H43: =SUM(F43:G43) -> 0 | I43: =D43-F43 -> 5250000 | J43: =1/10*G43 -> 0
A44: 36 | B44: Dwiyanto | C44: 06/08/24 | D44: ='14-4-26'!I44 -> 10320000 | H44: =SUM(F44:G44) -> 0 | I44: =D44-F44 -> 10320000 | J44: =1/10*G44 -> 0
A45: 37 | B45: Utami | C45: 20/08/24 | D45: ='14-4-26'!I45 -> 10875000 | H45: =SUM(F45:G45) -> 0 | I45: =D45-F45 -> 10875000 | J45: =1/10*G45 -> 0
A46: 38 | B46: Karjono | C46: 10/09/24 | D46: ='14-4-26'!I46 -> 150000 | H46: =SUM(F46:G46) -> 0 | I46: =D46-F46 -> 150000 | J46: =1/10*G46 -> 0
A47: 39 | B47: Kuswono Katam | C47: 05/11/24 | D47: ='14-4-26'!I47 -> 9300000 | H47: =SUM(F47:G47) -> 0 | I47: =D47-F47 -> 9300000 | J47: =1/10*G47 -> 0
A48: 40 | B48: Sarijem | C48: 05/11/24 | D48: ='14-4-26'!I48 -> 800000 | E48: 12 | F48: 200000 | G48: 60000 | H48: =SUM(F48:G48) -> 260000 | I48: =D48-F48 -> 600000 | J48: =1/10*G48 -> 6000
A49: 41 | B49: Nisem | C49: 03/12/24 | D49: ='14-4-26'!I49 -> 9340000 | H49: =SUM(F49:G49) -> 0 | I49: =D49-F49 -> 9340000 | J49: =1/10*G49 -> 0
A50: 42 | B50: Saroji | C50: 17/12/24 | D50: ='14-4-26'!I50 -> 0 | H50: =SUM(F50:G50) -> 0 | I50: =D50-F50 -> 0 | J50: =1/10*G50 -> 0
A51: 43 | B51: Minardi | C51: 21/1/25 | D51: ='14-4-26'!I51 -> 15700000 | H51: =SUM(F51:G51) -> 0 | I51: =D51-F51 -> 15700000 | J51: =1/10*G51 -> 0
A52: 44 | B52: Kuat Siti Kirana | C52: 28/1/25 | D52: ='14-4-26'!I52 -> 25000000 | H52: =SUM(F52:G52) -> 0 | I52: =D52-F52 -> 25000000 | J52: =1/10*G52 -> 0
A53: 45 | B53: Vijja Ratano | C53: 18/2/25 | D53: ='14-4-26'!I53 -> 0 | H53: =SUM(F53:G53) -> 0 | I53: =D53-F53 -> 0 | J53: =1/10*G53 -> 0
A54: 46 | B54: Suroto | C54: 18/2/25 | D54: ='14-4-26'!I54 -> 4600000 | H54: =SUM(F54:G54) -> 0 | I54: =D54-F54 -> 4600000 | J54: =1/10*G54 -> 0
A55: 47 | B55: Sono | C55: 25/2/25 | D55: ='14-4-26'!I55 -> 7460000 | H55: =SUM(F55:G55) -> 0 | I55: =D55-F55 -> 7460000 | J55: =1/10*G55 -> 0
A56: 48 | B56: Metta Candra D. | C56: 25/2/25 | D56: ='14-4-26'!I56 -> 200000 | H56: =SUM(F56:G56) -> 0 | I56: =D56-F56 -> 200000 | J56: =1/10*G56 -> 0
A57: 49 | B57: Mislam | C57: 25/2/25 | D57: ='14-4-26'!I57 -> 20000000 | H57: =SUM(F57:G57) -> 0 | I57: =D57-F57 -> 20000000 | J57: =1/10*G57 -> 0
A58: 50 | B58: Lewih | C58: 25/3/25 | D58: ='14-4-26'!I58 -> 980000 | E58: 13 | F58: 335000 | G58: 100000 | H58: =SUM(F58:G58) -> 435000 | I58: =D58-F58 -> 645000 | J58: =1/10*G58 -> 10000
A59: 51 | B59: Rusmini Bolot | C59: 8/4/25 | D59: ='14-4-26'!I59 -> 0 | H59: =SUM(F59:G59) -> 0 | I59: =D59-F59 -> 0 | J59: =1/10*G59 -> 0
A60: 52 | B60: Kadi | C60: 15/4/25 | D60: ='14-4-26'!I60 -> 3000000 | H60: =SUM(F60:G60) -> 0 | I60: =D60-F60 -> 3000000 | J60: =1/10*G60 -> 0
A61: 53 | B61: Marsito | C61: 27-5-25 | D61: ='14-4-26'!I61 -> 230000 | H61: =SUM(F61:G61) -> 0 | I61: =D61-F61 -> 230000 | J61: =1/10*G61 -> 0
A62: 54 | B62: Darwito | C62: 10-6-25 | D62: ='14-4-26'!I62 -> 0 | H62: =SUM(F62:G62) -> 0 | I62: =D62-F62 -> 0 | J62: =1/10*G62 -> 0
A63: 55 | B63: Manis | C63: 15r-7-25 | D63: ='14-4-26'!I63 -> 0 | H63: =SUM(F63:G63) -> 0 | I63: =D63-F63 -> 0 | J63: =1/10*G63 -> 0
A64: 56 | B64: Turyanto Madiono | C64: 12-8-25 | D64: ='14-4-26'!I64 -> 0 | H64: =SUM(F64:G64) -> 0 | I64: =D64-F64 -> 0 | J64: =1/10*G64 -> 0
A65: 57 | B65: Aniah Marsih | C65: 26/9/25 | D65: ='14-4-26'!I65 -> 5862000 | H65: =SUM(F65:G65) -> 0 | I65: =D65-F65 -> 5862000 | J65: =1/10*G65 -> 0
A66: 58 | B66: Ranem | C66: 26/9/25 | D66: ='14-4-26'!I66 -> 100000 | H66: =SUM(F66:G66) -> 0 | I66: =D66-F66 -> 100000 | J66: =1/10*G66 -> 0
A67: 59 | B67: Tato | C67: 18/11/25 | D67: ='14-4-26'!I67 -> 0 | H67: =SUM(F67:G67) -> 0 | I67: =D67-F67 -> 0 | J67: =1/10*G67 -> 0
A68: 60 | B68: Oruwasaton | C68: 24/2/26 | D68: ='14-4-26'!I68 -> 10000000 | E68: 1 | F68: 6600000 | G68: 400000 | H68: =SUM(F68:G68) -> 7000000 | I68: =D68-F68 -> 3400000 | J68: =1/10*G68 -> 40000
A69: 61 | B69: Budi Rahayu | C69: 24/2/26 | D69: ='14-4-26'!I69 -> 50000000 | H69: =SUM(F69:G69) -> 0 | I69: =D69-F69 -> 50000000 | J69: =1/10*G69 -> 0
A70: 62 | B70: Waridi | C70: 24/2/26 | D70: ='14-4-26'!I70 -> 1000000 | H70: =SUM(F70:G70) -> 0 | I70: =D70-F70 -> 1000000 | J70: =1/10*G70 -> 0
A71: 63 | B71: Jumini | C71: 24/2/26 | D71: ='14-4-26'!I71 -> 2000000 | H71: =SUM(F71:G71) -> 0 | I71: =D71-F71 -> 2000000 | J71: =1/10*G71 -> 0
A72: 64 | B72: Vijja Ratano | C72: 24/2/26 | D72: ='14-4-26'!I72 -> 1800000 | H72: =SUM(F72:G72) -> 0 | I72: =D72-F72 -> 1800000 | J72: =1/10*G72 -> 0
A73: 65 | B73: Tukimin | C73: 24/2/26 | D73: 5000000 | H73: =SUM(F73:G73) -> 0 | I73: =D73-F73 -> 5000000 | J73: =1/10*G73 -> 0
A74: 66 | B74: Hartini | C74: 4/3/26 | D74: ='14-4-26'!I74 -> 4000000 | H74: =SUM(F74:G74) -> 0 | I74: =D74-F74 -> 4000000 | J74: =1/10*G74 -> 0
A75: 67 | B75: Suminah | C75: 4/3/26 | D75: ='14-4-26'!I75 -> 2700000 | H75: =SUM(F75:G75) -> 0 | I75: =D75-F75 -> 2700000 | J75: =1/10*G75 -> 0
A76: 68 | B76: Slamet Suwanto | C76: 10/3/26 | D76: ='14-4-26'!I76 -> 990000 | H76: =SUM(F76:G76) -> 0 | I76: =D76-F76 -> 990000 | J76: =1/10*G76 -> 0
A77: 69 | B77: Mursono | C77: 10/3/26 | D77: ='14-4-26'!I77 -> 4750000 | H77: =SUM(F77:G77) -> 0 | I77: =D77-F77 -> 4750000 | J77: =1/10*G77 -> 0
A78: 70 | B78: Suwanto | C78: 17/3/26 | D78: ='14-4-26'!I78 -> 9500000 | H78: =SUM(F78:G78) -> 0 | I78: =D78-F78 -> 9500000 | J78: =1/10*G78 -> 0
A79: 71 | B79: Rusmini Bolot | C79: 17/3/26 | D79: ='14-4-26'!I79 -> 2700000 | E79: 2 | F79: 300000 | G79: 60000 | H79: =SUM(F79:G79) -> 360000 | I79: =D79-F79 -> 2400000 | J79: =1/10*G79 -> 6000
A80: 72 | B80: Kartina | C80: 17/3/26 | D80: ='14-4-26'!I80 -> 800000 | H80: =SUM(F80:G80) -> 0 | I80: =D80-F80 -> 800000 | J80: =1/10*G80 -> 0
A81: 73 | B81: Kono | C81: 17/3/26 | D81: ='14-4-26'!I81 -> 7000000 | H81: =SUM(F81:G81) -> 0 | I81: =D81-F81 -> 7000000 | J81: =1/10*G81 -> 0
A82: 74 | B82: Suyono | C82: 31/3/26 | D82: ='14-4-26'!I82 -> 1000000 | H82: =SUM(F82:G82) -> 0 | I82: =D82-F82 -> 1000000 | J82: =1/10*G82 -> 0
A83: 75 | B83: Saliyah | C83: 14/4/26 | D83: ='14-4-26'!I83 -> 500000 | H83: =SUM(F83:G83) -> 0 | I83: =D83-F83 -> 500000 | J83: =1/10*G83 -> 0
A84: 76 | B84: Turyanto Madiono | C84: 14/4/26 | D84: ='14-4-26'!I84 -> 500000 | E84: 1 | F84: 50000 | G84: 10000 | H84: =SUM(F84:G84) -> 60000 | I84: =D84-F84 -> 450000 | J84: =1/10*G84 -> 1000
D85: ='24-3-26'!I85 -> 0 | H85: =SUM(F85:G85) -> 0 | I85: =D85-F85 -> 0 | J85: =1/10*G85 -> 0
D86: ='24-3-26'!I86 -> 0 | H86: =SUM(F86:G86) -> 0 | I86: =D86-F86 -> 0 | J86: =1/10*G86 -> 0
D87: ='24-3-26'!I87 -> 0 | H87: =SUM(F87:G87) -> 0 | I87: =D87-F87 -> 0 | J87: =1/10*G87 -> 0
D88: ='24-3-26'!I88 -> 0 | H88: =SUM(F88:G88) -> 0 | I88: =D88-F88 -> 0 | J88: =1/10*G88 -> 0
D89: ='24-3-26'!I89 -> 0 | H89: =SUM(F89:G89) -> 0 | I89: =D89-F89 -> 0 | J89: =1/10*G89 -> 0
D90: ='24-3-26'!I90 -> 0 | H90: =SUM(F90:G90) -> 0 | I90: =D90-F90 -> 0 | J90: =1/10*G90 -> 0
D91: ='24-3-26'!I91 -> 0 | H91: =SUM(F91:G91) -> 0 | I91: =D91-F91 -> 0 | J91: =1/10*G91 -> 0
D92: ='24-3-26'!I92 -> 0 | H92: =SUM(F92:G92) -> 0 | I92: =D92-F92 -> 0 | J92: =1/10*G92 -> 0
D93: ='24-3-26'!I93 -> 0 | H93: =SUM(F93:G93) -> 0 | I93: =D93-F93 -> 0 | J93: =1/10*G93 -> 0
D94: ='24-3-26'!I94 -> 0 | H94: =SUM(F94:G94) -> 0 | I94: =D94-F94 -> 0 | J94: =1/10*G94 -> 0
D95: ='24-3-26'!I95 -> 0 | H95: =SUM(F95:G95) -> 0 | I95: =D95-F95 -> 0 | J95: =1/10*G95 -> 0
D96: ='24-3-26'!I96 -> 0 | H96: =SUM(F96:G96) -> 0 | I96: =D96-F96 -> 0 | J96: =1/10*G96 -> 0
... D187: ='24-3-26'!I187 -> 0 | H187: =SUM(F187:G187) -> 0 | I187: =D187-F187 -> 0 | J187: =1/10*G187 -> 0
B188: Jumlah | D188: =SUM(D9:D187) -> 459832000 | E188: =SUM(E9:E187) -> 65 | F188: =SUM(F9:F187) -> 9485000 | G188: =SUM(G9:G187) -> 1830000 | H188: =SUM(H9:H187) -> 11315000 | I188: =SUM(I9:I187) -> 450347000 | J188: =SUM(J9:J187) -> 183000
B190: Catatan | C190: :
B191: Total jasa | C191: ; Rp | D191: =G188 -> 1830000 | F191: Windusari, 21 April 2026
B192: Tiap bagian | C192: ; Rp | D192: =D191/20 -> 91500 | F192: Pengurus KSU "CAHAYA DHAMMA PHALA"
B193: Rincian | C193: ; | F193: Ketua | H193: Bendahara
B194: Japinup | C194: ; Rp | D194: =11*D192 -> 1006500
B195: Dana Sosial | C195: ; Rp | D195: =1/2*D192 -> 45750
B196: Dana Pendidikan | C196: ; Rp | D196: =1/2*D192 -> 45750
...

Sheet 28-4-26
A1: KOPERASI SERBA USAHA "CAHAYA DHAMMA PHALA"
A2: Badan Hukum No. 2/BH/XIV.1/II/2016 Tanggal 5 Februari 2016
A3: Dukuh Windusari, Desa Sokaraja, Kec. Pagentan, Kab. Banjarnegara 53455
A5: BUKU ANGSURAN PINJAMAN ANGGOTA
A6: Per 28 April 2026
A7: NO. | B7: NAMA | C7: TGL | E7: ANGSURAN PINJAMAN | I7: SISA | J7: SWK
E8: KE | F8: POKOK | G8: JASA | H8: JUMLAH
A9: 1 | B9: Suryadi | C9: 4-4-17 | D9: ='21-4-26'!I9 -> 5500000 | H9: =SUM(F9:G9) -> 0 | I9: =D9-F9 -> 5500000 | J9: =1/10*G9 -> 0
A10: 2 | B10: Waginah | C10: 16-5-17 | D10: ='21-4-26'!I10 -> 1910000 | H10: =SUM(F10:G10) -> 0 | I10: =D10-F10 -> 1910000 | J10: =1/10*G10 -> 0
A11: 3 | B11: Tarmono | C11: 18-8-20 | D11: ='21-4-26'!I11 -> 0 | H11: =SUM(F11:G11) -> 0 | I11: =D11-F11 -> 0 | J11: =1/10*G11 -> 0
A12: 4 | B12: Juliyah | C12: 2-2-21 | D12: ='21-4-26'!I12 -> 13750000 | H12: =SUM(F12:G12) -> 0 | I12: =D12-F12 -> 13750000 | J12: =1/10*G12 -> 0
A13: 5 | B13: Purwadi | C13: 14-03-21 | D13: ='21-4-26'!I13 -> 19950000 | H13: =SUM(F13:G13) -> 0 | I13: =D13-F13 -> 19950000 | J13: =1/10*G13 -> 0
A14: 6 | B14: Waluyo Ragil | C14: 27-04-21 | D14: ='21-4-26'!I14 -> 100000 | H14: =SUM(F14:G14) -> 0 | I14: =D14-F14 -> 100000 | J14: =1/10*G14 -> 0
A15: 7 | B15: Sapdono | C15: 24-8-23 | D15: ='21-4-26'!I15 -> 10500000 | H15: =SUM(F15:G15) -> 0 | I15: =D15-F15 -> 10500000 | J15: =1/10*G15 -> 0
A16: 8 | B16: Sudarma Widya | C16: 28-09-21 | D16: ='21-4-26'!I16 -> 15310000 | H16: =SUM(F16:G16) -> 0 | I16: =D16-F16 -> 15310000 | J16: =1/10*G16 -> 0
A17: 9 | B17: Rahmadi | C17: 15-2-22 | D17: ='21-4-26'!I17 -> 6150000 | H17: =SUM(F17:G17) -> 0 | I17: =D17-F17 -> 6150000 | J17: =1/10*G17 -> 0
A18: 10 | B18: Ratmi | C18: 8-3-22 | D18: ='21-4-26'!I18 -> 11995000 | H18: =SUM(F18:G18) -> 0 | I18: =D18-F18 -> 11995000 | J18: =1/10*G18 -> 0
A19: 11 | B19: Cipret | C19: 21-6-22 | D19: ='21-4-26'!I19 -> 3500000 | H19: =SUM(F19:G19) -> 0 | I19: =D19-F19 -> 3500000 | J19: =1/10*G19 -> 0
A20: 12 | B20: Ika Kurniasih | C20: 03-1-22 | D20: ='21-4-26'!I20 -> 42000000 | H20: =SUM(F20:G20) -> 0 | I20: =D20-F20 -> 42000000 | J20: =1/10*G20 -> 0
... A29: 21 | B29: Suminah | C29: 26-9-23 | D29: ='21-4-26'!I29 -> 0 | H29: =SUM(F29:G29) -> 0 | I29: =D29-F29 -> 0 | J29: =1/10*G29 -> 0
A30: 22 | B30: Leni | C30: 10-10-23 | D30: ='21-4-26'!I30 -> 2750000 | E30: 10 | F30: 250000 | G30: 100000 | H30: =SUM(F30:G30) -> 350000 | I30: =D30-F30 -> 2500000 | J30: =1/10*G30 -> 10000
A31: 23 | B31: Kasmi Purwadi | C31: 24-10-23 | D31: ='21-4-26'!I31 -> 750000 | E31: 18 | F31: 250000 | G31: 100000 | H31: =SUM(F31:G31) -> 350000 | I31: =D31-F31 -> 500000 | J31: =1/10*G31 -> 10000
A32: 24 | B32: Gini Wanto | C32: 24-10-23 | D32: ='21-4-26'!I32 -> 12000000 | H32: =SUM(F32:G32) -> 0 | I32: =D32-F32 -> 12000000 | J32: =1/10*G32 -> 0
A33: 25 | B33: Kami | C33: 9/1/24 | D33: ='21-4-26'!I33 -> 600000 | H33: =SUM(F33:G33) -> 0 | I33: =D33-F33 -> 600000 | J33: =1/10*G33 -> 0
A34: 26 | B34: Wahyuni | C34: 30/1/24 | D34: ='21-4-26'!I34 -> 2400000 | H34: =SUM(F34:G34) -> 0 | I34: =D34-F34 -> 2400000 | J34: =1/10*G34 -> 0
A35: 27 | B35: Karsih | C35: 30/1/24 | D35: ='21-4-26'!I35 -> 3250000 | H35: =SUM(F35:G35) -> 0 | I35: =D35-F35 -> 3250000 | J35: =1/10*G35 -> 0
A36: 28 | B36: Painten Darwito | C36: 16/2/24 | D36: ='21-4-26'!I36 -> 6400000 | H36: =SUM(F36:G36) -> 0 | I36: =D36-F36 -> 6400000 | J36: =1/10*G36 -> 0
A37: 29 | B37: Karni | C37: 2/4/24 | D37: ='21-4-26'!I37 -> 1250000 | H37: =SUM(F37:G37) -> 0 | I37: =D37-F37 -> 1250000 | J37: =1/10*G37 -> 0
A38: 30 | B38: Siyo Dwiroso | C38: 16/4/24 | D38: ='21-4-26'!I38 -> 5800000 | H38: =SUM(F38:G38) -> 0 | I38: =D38-F38 -> 5800000 | J38: =1/10*G38 -> 0
A39: 31 | B39: Purwati | C39: 4/6/24 | D39: ='21-4-26'!I39 -> 14320000 | E39: 8 | F39: 630000 | G39: 370000 | H39: =SUM(F39:G39) -> 1000000 | I39: =D39-F39 -> 13690000 | J39: =1/10*G39 -> 37000
A40: 32 | B40: Tarsini | C40: 02/07/24 | D40: ='21-4-26'!I40 -> 0 | H40: =SUM(F40:G40) -> 0 | I40: =D40-F40 -> 0 | J40: =1/10*G40 -> 0
A41: 33 | B41: Santosa | C41: 09/07/24 | D41: ='21-4-26'!I41 -> 1500000 | H41: =SUM(F41:G41) -> 0 | I41: =D41-F41 -> 1500000 | J41: =1/10*G41 -> 0
A42: 34 | B42: Priyono | C42: 16/07/24 | D42: ='21-4-26'!I42 -> 1200000 | E42: 13 | F42: 150000 | G42: 60000 | H42: =SUM(F42:G42) -> 210000 | I42: =D42-F42 -> 1050000 | J42: =1/10*G42 -> 6000
A43: 35 | B43: Karyono | C43: 30/07/24 | D43: ='21-4-26'!I43 -> 5250000 | H43: =SUM(F43:G43) -> 0 | I43: =D43-F43 -> 5250000 | J43: =1/10*G43 -> 0
A44: 36 | B44: Dwiyanto | C44: 06/08/24 | D44: ='21-4-26'!I44 -> 10320000 | H44: =SUM(F44:G44) -> 0 | I44: =D44-F44 -> 10320000 | J44: =1/10*G44 -> 0
A45: 37 | B45: Utami | C45: 20/08/24 | D45: ='21-4-26'!I45 -> 10875000 | H45: =SUM(F45:G45) -> 0 | I45: =D45-F45 -> 10875000 | J45: =1/10*G45 -> 0
A46: 38 | B46: Karjono | C46: 10/09/24 | D46: ='21-4-26'!I46 -> 150000 | H46: =SUM(F46:G46) -> 0 | I46: =D46-F46 -> 150000 | J46: =1/10*G46 -> 0
A47: 39 | B47: Kuswono Katam | C47: 05/11/24 | D47: ='21-4-26'!I47 -> 9300000 | H47: =SUM(F47:G47) -> 0 | I47: =D47-F47 -> 9300000 | J47: =1/10*G47 -> 0
A48: 40 | B48: Sarijem | C48: 05/11/24 | D48: ='21-4-26'!I48 -> 600000 | H48: =SUM(F48:G48) -> 0 | I48: =D48-F48 -> 600000 | J48: =1/10*G48 -> 0
A49: 41 | B49: Nisem | C49: 03/12/24 | D49: ='21-4-26'!I49 -> 9340000 | H49: =SUM(F49:G49) -> 0 | I49: =D49-F49 -> 9340000 | J49: =1/10*G49 -> 0
A50: 42 | B50: Saroji | C50: 17/12/24 | D50: ='21-4-26'!I50 -> 0 | H50: =SUM(F50:G50) -> 0 | I50: =D50-F50 -> 0 | J50: =1/10*G50 -> 0
A51: 43 | B51: Minardi | C51: 21/1/25 | D51: ='21-4-26'!I51 -> 15700000 | G51: 400000 | H51: =SUM(F51:G51) -> 400000 | I51: =D51-F51 -> 15700000 | J51: =1/10*G51 -> 40000
A52: 44 | B52: Kuat Siti Kirana | C52: 28/1/25 | D52: ='21-4-26'!I52 -> 25000000 | H52: =SUM(F52:G52) -> 0 | I52: =D52-F52 -> 25000000 | J52: =1/10*G52 -> 0
A53: 45 | B53: Vijja Ratano | C53: 18/2/25 | D53: ='21-4-26'!I53 -> 0 | H53: =SUM(F53:G53) -> 0 | I53: =D53-F53 -> 0 | J53: =1/10*G53 -> 0
A54: 46 | B54: Suroto | C54: 18/2/25 | D54: ='21-4-26'!I54 -> 4600000 | E54: 4 | F54: 200000 | G54: 100000 | H54: =SUM(F54:G54) -> 300000 | I54: =D54-F54 -> 4400000 | J54: =1/10*G54 -> 10000
A55: 47 | B55: Sono | C55: 25/2/25 | D55: ='21-4-26'!I55 -> 7460000 | H55: =SUM(F55:G55) -> 0 | I55: =D55-F55 -> 7460000 | J55: =1/10*G55 -> 0
A56: 48 | B56: Metta Candra D. | C56: 25/2/25 | D56: ='21-4-26'!I56 -> 200000 | H56: =SUM(F56:G56) -> 0 | I56: =D56-F56 -> 200000 | J56: =1/10*G56 -> 0
A57: 49 | B57: Mislam | C57: 25/2/25 | D57: ='21-4-26'!I57 -> 20000000 | H57: =SUM(F57:G57) -> 0 | I57: =D57-F57 -> 20000000 | J57: =1/10*G57 -> 0
A58: 50 | B58: Lewih | C58: 25/3/25 | D58: ='21-4-26'!I58 -> 645000 | H58: =SUM(F58:G58) -> 0 | I58: =D58-F58 -> 645000 | J58: =1/10*G58 -> 0
A59: 51 | B59: Rusmini Bolot | C59: 8/4/25 | D59: ='21-4-26'!I59 -> 0 | H59: =SUM(F59:G59) -> 0 | I59: =D59-F59 -> 0 | J59: =1/10*G59 -> 0
A60: 52 | B60: Kadi | C60: 15/4/25 | D60: ='21-4-26'!I60 -> 3000000 | E60: 9 | F60: 250000 | G60: 100000 | H60: =SUM(F60:G60) -> 350000 | I60: =D60-F60 -> 2750000 | J60: =1/10*G60 -> 10000
A61: 53 | B61: Marsito | C61: 27-5-25 | D61: ='21-4-26'!I61 -> 230000 | H61: =SUM(F61:G61) -> 0 | I61: =D61-F61 -> 230000 | J61: =1/10*G61 -> 0
A62: 54 | B62: Darwito | C62: 10-6-25 | D62: ='21-4-26'!I62 -> 0 | H62: =SUM(F62:G62) -> 0 | I62: =D62-F62 -> 0 | J62: =1/10*G62 -> 0
A63: 55 | B63: Manis | C63: 15r-7-25 | D63: ='21-4-26'!I63 -> 0 | H63: =SUM(F63:G63) -> 0 | I63: =D63-F63 -> 0 | J63: =1/10*G63 -> 0
A64: 56 | B64: Turyanto Madiono | C64: 12-8-25 | D64: ='21-4-26'!I64 -> 0 | H64: =SUM(F64:G64) -> 0 | I64: =D64-F64 -> 0 | J64: =1/10*G64 -> 0
A65: 57 | B65: Aniah Marsih | C65: 26/9/25 | D65: ='21-4-26'!I65 -> 5862000 | H65: =SUM(F65:G65) -> 0 | I65: =D65-F65 -> 5862000 | J65: =1/10*G65 -> 0
A66: 58 | B66: Ranem | C66: 26/9/25 | D66: ='21-4-26'!I66 -> 100000 | H66: =SUM(F66:G66) -> 0 | I66: =D66-F66 -> 100000 | J66: =1/10*G66 -> 0
A67: 59 | B67: Tato | C67: 18/11/25 | D67: ='21-4-26'!I67 -> 0 | H67: =SUM(F67:G67) -> 0 | I67: =D67-F67 -> 0 | J67: =1/10*G67 -> 0
A68: 60 | B68: Oruwasaton | C68: 24/2/26 | D68: ='21-4-26'!I68 -> 3400000 | H68: =SUM(F68:G68) -> 0 | I68: =D68-F68 -> 3400000 | J68: =1/10*G68 -> 0
A69: 61 | B69: Budi Rahayu | C69: 24/2/26 | D69: ='21-4-26'!I69 -> 50000000 | H69: =SUM(F69:G69) -> 0 | I69: =D69-F69 -> 50000000 | J69: =1/10*G69 -> 0
A70: 62 | B70: Waridi | C70: 24/2/26 | D70: ='21-4-26'!I70 -> 1000000 | H70: =SUM(F70:G70) -> 0 | I70: =D70-F70 -> 1000000 | J70: =1/10*G70 -> 0
A71: 63 | B71: Jumini | C71: 24/2/26 | D71: ='21-4-26'!I71 -> 2000000 | H71: =SUM(F71:G71) -> 0 | I71: =D71-F71 -> 2000000 | J71: =1/10*G71 -> 0
A72: 64 | B72: Vijja Ratano | C72: 24/2/26 | D72: ='21-4-26'!I72 -> 1800000 | H72: =SUM(F72:G72) -> 0 | I72: =D72-F72 -> 1800000 | J72: =1/10*G72 -> 0
A73: 65 | B73: Tukimin | C73: 24/2/26 | D73: 5000000 | H73: =SUM(F73:G73) -> 0 | I73: =D73-F73 -> 5000000 | J73: =1/10*G73 -> 0
A74: 66 | B74: Hartini | C74: 4/3/26 | D74: ='21-4-26'!I74 -> 4000000 | E74: 1 | F74: 4000000 | G74: 160000 | H74: =SUM(F74:G74) -> 4160000 | I74: =D74-F74 -> 0 | J74: =1/10*G74 -> 16000
A75: 67 | B75: Suminah | C75: 4/3/26 | D75: ='21-4-26'!I75 -> 2700000 | H75: =SUM(F75:G75) -> 0 | I75: =D75-F75 -> 2700000 | J75: =1/10*G75 -> 0
A76: 68 | B76: Slamet Suwanto | C76: 10/3/26 | D76: ='21-4-26'!I76 -> 990000 | H76: =SUM(F76:G76) -> 0 | I76: =D76-F76 -> 990000 | J76: =1/10*G76 -> 0
A77: 69 | B77: Mursono | C77: 10/3/26 | D77: ='21-4-26'!I77 -> 4750000 | H77: =SUM(F77:G77) -> 0 | I77: =D77-F77 -> 4750000 | J77: =1/10*G77 -> 0
A78: 70 | B78: Suwanto | C78: 17/3/26 | D78: ='21-4-26'!I78 -> 9500000 | H78: =SUM(F78:G78) -> 0 | I78: =D78-F78 -> 9500000 | J78: =1/10*G78 -> 0
A79: 71 | B79: Rusmini Bolot | C79: 17/3/26 | D79: ='21-4-26'!I79 -> 2400000 | H79: =SUM(F79:G79) -> 0 | I79: =D79-F79 -> 2400000 | J79: =1/10*G79 -> 0
A80: 72 | B80: Kartina | C80: 17/3/26 | D80: ='21-4-26'!I80 -> 800000 | H80: =SUM(F80:G80) -> 0 | I80: =D80-F80 -> 800000 | J80: =1/10*G80 -> 0
A81: 73 | B81: Kono | C81: 17/3/26 | D81: ='21-4-26'!I81 -> 7000000 | H81: =SUM(F81:G81) -> 0 | I81: =D81-F81 -> 7000000 | J81: =1/10*G81 -> 0
A82: 74 | B82: Suyono | C82: 31/3/26 | D82: ='21-4-26'!I82 -> 1000000 | H82: =SUM(F82:G82) -> 0 | I82: =D82-F82 -> 1000000 | J82: =1/10*G82 -> 0
A83: 75 | B83: Saliyah | C83: 14/4/26 | D83: ='21-4-26'!I83 -> 500000 | H83: =SUM(F83:G83) -> 0 | I83: =D83-F83 -> 500000 | J83: =1/10*G83 -> 0
A84: 76 | B84: Turyanto Madiono | C84: 14/4/26 | D84: ='21-4-26'!I84 -> 450000 | H84: =SUM(F84:G84) -> 0 | I84: =D84-F84 -> 450000 | J84: =1/10*G84 -> 0
D85: ='24-3-26'!I85 -> 0 | H85: =SUM(F85:G85) -> 0 | I85: =D85-F85 -> 0 | J85: =1/10*G85 -> 0
D86: ='24-3-26'!I86 -> 0 | H86: =SUM(F86:G86) -> 0 | I86: =D86-F86 -> 0 | J86: =1/10*G86 -> 0
D87: ='24-3-26'!I87 -> 0 | H87: =SUM(F87:G87) -> 0 | I87: =D87-F87 -> 0 | J87: =1/10*G87 -> 0
D88: ='24-3-26'!I88 -> 0 | H88: =SUM(F88:G88) -> 0 | I88: =D88-F88 -> 0 | J88: =1/10*G88 -> 0
D89: ='24-3-26'!I89 -> 0 | H89: =SUM(F89:G89) -> 0 | I89: =D89-F89 -> 0 | J89: =1/10*G89 -> 0
D90: ='24-3-26'!I90 -> 0 | H90: =SUM(F90:G90) -> 0 | I90: =D90-F90 -> 0 | J90: =1/10*G90 -> 0
D91: ='24-3-26'!I91 -> 0 | H91: =SUM(F91:G91) -> 0 | I91: =D91-F91 -> 0 | J91: =1/10*G91 -> 0
D92: ='24-3-26'!I92 -> 0 | H92: =SUM(F92:G92) -> 0 | I92: =D92-F92 -> 0 | J92: =1/10*G92 -> 0
D93: ='24-3-26'!I93 -> 0 | H93: =SUM(F93:G93) -> 0 | I93: =D93-F93 -> 0 | J93: =1/10*G93 -> 0
D94: ='24-3-26'!I94 -> 0 | H94: =SUM(F94:G94) -> 0 | I94: =D94-F94 -> 0 | J94: =1/10*G94 -> 0
D95: ='24-3-26'!I95 -> 0 | H95: =SUM(F95:G95) -> 0 | I95: =D95-F95 -> 0 | J95: =1/10*G95 -> 0
D96: ='24-3-26'!I96 -> 0 | H96: =SUM(F96:G96) -> 0 | I96: =D96-F96 -> 0 | J96: =1/10*G96 -> 0
... D187: ='24-3-26'!I187 -> 0 | H187: =SUM(F187:G187) -> 0 | I187: =D187-F187 -> 0 | J187: =1/10*G187 -> 0
B188: Jumlah | D188: =SUM(D9:D187) -> 450347000 | E188: =SUM(E9:E187) -> 63 | F188: =SUM(F9:F187) -> 5730000 | G188: =SUM(G9:G187) -> 1390000 | H188: =SUM(H9:H187) -> 7120000 | I188: =SUM(I9:I187) -> 444617000 | J188: =SUM(J9:J187) -> 139000
B190: Catatan | C190: :
B191: Total jasa | C191: ; Rp | D191: =G188 -> 1390000 | F191: Windusari, 28 April 2026
B192: Tiap bagian | C192: ; Rp | D192: =D191/20 -> 69500 | F192: Pengurus KSU "CAHAYA DHAMMA PHALA"
B193: Rincian | C193: ; | F193: Ketua | H193: Bendahara
B194: Japinup | C194: ; Rp | D194: =11*D192 -> 764500
B195: Dana Sosial | C195: ; Rp | D195: =1/2*D192 -> 34750
B196: Dana Pendidikan | C196: ; Rp | D196: =1/2*D192 -> 34750
B197: Dana CRK | C197: ; Rp | D197: =1/2*D192 -> 34750
B198: Dana Pembangunan | C198: ; Rp | D198: =1/2*D192 -> 34750 | F198: Waridi | H198: Oru Wasaton
B199: SWK | C199: ; Rp | D199: =2*D192 -> 139000
B200: Dana Kesra | C200: ; Rp | D200: =5*D192 -> 347500
...

Sheet 5-5-26
A1: KOPERASI SERBA USAHA "CAHAYA DHAMMA PHALA"
A2: Badan Hukum No. 2/BH/XIV.1/II/2016 Tanggal 5 Februari 2016
A3: Dukuh Windusari, Desa Sokaraja, Kec. Pagentan, Kab. Banjarnegara 53455
A5: BUKU ANGSURAN PINJAMAN ANGGOTA
A6: Per 5 Mei 2026
A7: NO. | B7: NAMA | C7: TGL | E7: ANGSURAN PINJAMAN | I7: SISA | J7: SWK
E8: KE | F8: POKOK | G8: JASA | H8: JUMLAH
A9: 1 | B9: Suryadi | C9: 4-4-17 | D9: ='28-4-26'!I9 -> 5500000 | H9: =SUM(F9:G9) -> 0 | I9: =D9-F9 -> 5500000 | J9: =1/10*G9 -> 0
A10: 2 | B10: Waginah | C10: 16-5-17 | D10: ='28-4-26'!I10 -> 1910000 | H10: =SUM(F10:G10) -> 0 | I10: =D10-F10 -> 1910000 | J10: =1/10*G10 -> 0
A11: 3 | B11: Tarmono | C11: 18-8-20 | D11: ='28-4-26'!I11 -> 0 | H11: =SUM(F11:G11) -> 0 | I11: =D11-F11 -> 0 | J11: =1/10*G11 -> 0
A12: 4 | B12: Juliyah | C12: 2-2-21 | D12: ='28-4-26'!I12 -> 13750000 | H12: =SUM(F12:G12) -> 0 | I12: =D12-F12 -> 13750000 | J12: =1/10*G12 -> 0
A13: 5 | B13: Purwadi | C13: 14-03-21 | D13: ='28-4-26'!I13 -> 19950000 | H13: =SUM(F13:G13) -> 0 | I13: =D13-F13 -> 19950000 | J13: =1/10*G13 -> 0
A14: 6 | B14: Waluyo Ragil | C14: 27-04-21 | D14: ='28-4-26'!I14 -> 100000 | H14: =SUM(F14:G14) -> 0 | I14: =D14-F14 -> 100000 | J14: =1/10*G14 -> 0
A15: 7 | B15: Sapdono | C15: 24-8-23 | D15: ='28-4-26'!I15 -> 10500000 | H15: =SUM(F15:G15) -> 0 | I15: =D15-F15 -> 10500000 | J15: =1/10*G15 -> 0
A16: 8 | B16: Sudarma Widya | C16: 28-09-21 | D16: ='28-4-26'!I16 -> 15310000 | H16: =SUM(F16:G16) -> 0 | I16: =D16-F16 -> 15310000 | J16: =1/10*G16 -> 0
A17: 9 | B17: Rahmadi | C17: 15-2-22 | D17: ='28-4-26'!I17 -> 6150000 | H17: =SUM(F17:G17) -> 0 | I17: =D17-F17 -> 6150000 | J17: =1/10*G17 -> 0
A18: 10 | B18: Ratmi | C18: 8-3-22 | D18: ='28-4-26'!I18 -> 11995000 | H18: =SUM(F18:G18) -> 0 | I18: =D18-F18 -> 11995000 | J18: =1/10*G18 -> 0
A19: 11 | B19: Cipret | C19: 21-6-22 | D19: ='28-4-26'!I19 -> 3500000 | H19: =SUM(F19:G19) -> 0 | I19: =D19-F19 -> 3500000 | J19: =1/10*G19 -> 0
A20: 12 | B20: Ika Kurniasih | C20: 03-1-22 | D20: ='28-4-26'!I20 -> 42000000 | H20: =SUM(F20:G20) -> 0 | I20: =D20-F20 -> 42000000 | J20: =1/10*G20 -> 0
... A42: 34 | B42: Priyono | C42: 16/07/24 | D42: ='28-4-26'!I42 -> 1050000 | H42: =SUM(F42:G42) -> 0 | I42: =D42-F42 -> 1050000 | J42: =1/10*G42 -> 0
A43: 35 | B43: Karyono | C43: 30/07/24 | D43: ='28-4-26'!I43 -> 5250000 | E43: 15 | F43: 750000 | G43: 300000 | H43: =SUM(F43:G43) -> 1050000 | I43: =D43-F43 -> 4500000 | J43: =1/10*G43 -> 30000
A44: 36 | B44: Dwiyanto | C44: 06/08/24 | D44: ='28-4-26'!I44 -> 10320000 | H44: =SUM(F44:G44) -> 0 | I44: =D44-F44 -> 10320000 | J44: =1/10*G44 -> 0
A45: 37 | B45: Utami | C45: 20/08/24 | D45: ='28-4-26'!I45 -> 10875000 | H45: =SUM(F45:G45) -> 0 | I45: =D45-F45 -> 10875000 | J45: =1/10*G45 -> 0
A46: 38 | B46: Karjono | C46: 10/09/24 | D46: ='28-4-26'!I46 -> 150000 | E46: 20 | F46: 150000 | G46: 60000 | H46: =SUM(F46:G46) -> 210000 | I46: =D46-F46 -> 0 | J46: =1/10*G46 -> 6000
A47: 39 | B47: Kuswono Katam | C47: 05/11/24 | D47: ='28-4-26'!I47 -> 9300000 | H47: =SUM(F47:G47) -> 0 | I47: =D47-F47 -> 9300000 | J47: =1/10*G47 -> 0
A48: 40 | B48: Sarijem | C48: 05/11/24 | D48: ='28-4-26'!I48 -> 600000 | H48: =SUM(F48:G48) -> 0 | I48: =D48-F48 -> 600000 | J48: =1/10*G48 -> 0
A49: 41 | B49: Nisem | C49: 03/12/24 | D49: ='28-4-26'!I49 -> 9340000 | H49: =SUM(F49:G49) -> 0 | I49: =D49-F49 -> 9340000 | J49: =1/10*G49 -> 0
A50: 42 | B50: Saroji | C50: 17/12/24 | D50: ='28-4-26'!I50 -> 0 | H50: =SUM(F50:G50) -> 0 | I50: =D50-F50 -> 0 | J50: =1/10*G50 -> 0
A51: 43 | B51: Minardi | C51: 21/1/25 | D51: ='28-4-26'!I51 -> 15700000 | H51: =SUM(F51:G51) -> 0 | I51: =D51-F51 -> 15700000 | J51: =1/10*G51 -> 0
A52: 44 | B52: Kuat Siti Kirana | C52: 28/1/25 | D52: ='28-4-26'!I52 -> 25000000 | H52: =SUM(F52:G52) -> 0 | I52: =D52-F52 -> 25000000 | J52: =1/10*G52 -> 0
A53: 45 | B53: Vijja Ratano | C53: 18/2/25 | D53: ='28-4-26'!I53 -> 0 | H53: =SUM(F53:G53) -> 0 | I53: =D53-F53 -> 0 | J53: =1/10*G53 -> 0
A54: 46 | B54: Suroto | C54: 18/2/25 | D54: ='28-4-26'!I54 -> 4400000 | H54: =SUM(F54:G54) -> 0 | I54: =D54-F54 -> 4400000 | J54: =1/10*G54 -> 0
A55: 47 | B55: Sono | C55: 25/2/25 | D55: ='28-4-26'!I55 -> 7460000 | H55: =SUM(F55:G55) -> 0 | I55: =D55-F55 -> 7460000 | J55: =1/10*G55 -> 0
A56: 48 | B56: Metta Candra D. | C56: 25/2/25 | D56: ='28-4-26'!I56 -> 200000 | E56: 10 | F56: 200000 | G56: 40000 | H56: =SUM(F56:G56) -> 240000 | I56: =D56-F56 -> 0 | J56: =1/10*G56 -> 4000
A57: 49 | B57: Mislam | C57: 25/2/25 | D57: ='28-4-26'!I57 -> 20000000 | H57: =SUM(F57:G57) -> 0 | I57: =D57-F57 -> 20000000 | J57: =1/10*G57 -> 0
A58: 50 | B58: Lewih | C58: 25/3/25 | D58: ='28-4-26'!I58 -> 645000 | H58: =SUM(F58:G58) -> 0 | I58: =D58-F58 -> 645000 | J58: =1/10*G58 -> 0
A59: 51 | B59: Rusmini Bolot | C59: 8/4/25 | D59: ='28-4-26'!I59 -> 0 | H59: =SUM(F59:G59) -> 0 | I59: =D59-F59 -> 0 | J59: =1/10*G59 -> 0
A60: 52 | B60: Kadi | C60: 15/4/25 | D60: ='28-4-26'!I60 -> 2750000 | H60: =SUM(F60:G60) -> 0 | I60: =D60-F60 -> 2750000 | J60: =1/10*G60 -> 0
A61: 53 | B61: Marsito | C61: 27-5-25 | D61: ='28-4-26'!I61 -> 230000 | H61: =SUM(F61:G61) -> 0 | I61: =D61-F61 -> 230000 | J61: =1/10*G61 -> 0
A62: 54 | B62: Darwito | C62: 10-6-25 | D62: ='28-4-26'!I62 -> 0 | H62: =SUM(F62:G62) -> 0 | I62: =D62-F62 -> 0 | J62: =1/10*G62 -> 0
A63: 55 | B63: Manis | C63: 15r-7-25 | D63: ='28-4-26'!I63 -> 0 | H63: =SUM(F63:G63) -> 0 | I63: =D63-F63 -> 0 | J63: =1/10*G63 -> 0
A64: 56 | B64: Turyanto Madiono | C64: 12-8-25 | D64: ='28-4-26'!I64 -> 0 | H64: =SUM(F64:G64) -> 0 | I64: =D64-F64 -> 0 | J64: =1/10*G64 -> 0
A65: 57 | B65: Aniah Marsih | C65: 26/9/25 | D65: ='28-4-26'!I65 -> 5862000 | H65: =SUM(F65:G65) -> 0 | I65: =D65-F65 -> 5862000 | J65: =1/10*G65 -> 0
A66: 58 | B66: Ranem | C66: 26/9/25 | D66: ='28-4-26'!I66 -> 100000 | H66: =SUM(F66:G66) -> 0 | I66: =D66-F66 -> 100000 | J66: =1/10*G66 -> 0
A67: 59 | B67: Tato | C67: 18/11/25 | D67: ='28-4-26'!I67 -> 0 | H67: =SUM(F67:G67) -> 0 | I67: =D67-F67 -> 0 | J67: =1/10*G67 -> 0
A68: 60 | B68: Oruwasaton | C68: 24/2/26 | D68: ='28-4-26'!I68 -> 3400000 | H68: =SUM(F68:G68) -> 0 | I68: =D68-F68 -> 3400000 | J68: =1/10*G68 -> 0
A69: 61 | B69: Budi Rahayu | C69: 24/2/26 | D69: ='28-4-26'!I69 -> 50000000 | G69: 1000000 | H69: =SUM(F69:G69) -> 1000000 | I69: =D69-F69 -> 50000000 | J69: =1/10*G69 -> 100000
A70: 62 | B70: Waridi | C70: 24/2/26 | D70: ='28-4-26'!I70 -> 1000000 | H70: =SUM(F70:G70) -> 0 | I70: =D70-F70 -> 1000000 | J70: =1/10*G70 -> 0
A71: 63 | B71: Jumini | C71: 24/2/26 | D71: ='28-4-26'!I71 -> 2000000 | H71: =SUM(F71:G71) -> 0 | I71: =D71-F71 -> 2000000 | J71: =1/10*G71 -> 0
A72: 64 | B72: Vijja Ratano | C72: 24/2/26 | D72: ='28-4-26'!I72 -> 1800000 | H72: =SUM(F72:G72) -> 0 | I72: =D72-F72 -> 1800000 | J72: =1/10*G72 -> 0
A73: 65 | B73: Tukimin | C73: 24/2/26 | D73: 5000000 | H73: =SUM(F73:G73) -> 0 | I73: =D73-F73 -> 5000000 | J73: =1/10*G73 -> 0
A74: 66 | B74: Hartini | C74: 4/3/26 | D74: ='28-4-26'!I74 -> 0 | H74: =SUM(F74:G74) -> 0 | I74: =D74-F74 -> 0 | J74: =1/10*G74 -> 0
A75: 67 | B75: Suminah | C75: 4/3/26 | D75: ='28-4-26'!I75 -> 2700000 | H75: =SUM(F75:G75) -> 0 | I75: =D75-F75 -> 2700000 | J75: =1/10*G75 -> 0
A76: 68 | B76: Slamet Suwanto | C76: 10/3/26 | D76: ='28-4-26'!I76 -> 990000 | H76: =SUM(F76:G76) -> 0 | I76: =D76-F76 -> 990000 | J76: =1/10*G76 -> 0
A77: 69 | B77: Mursono | C77: 10/3/26 | D77: ='28-4-26'!I77 -> 4750000 | H77: =SUM(F77:G77) -> 0 | I77: =D77-F77 -> 4750000 | J77: =1/10*G77 -> 0
A78: 70 | B78: Suwanto | C78: 17/3/26 | D78: ='28-4-26'!I78 -> 9500000 | E78: 2 | F78: 500000 | G78: 200000 | H78: =SUM(F78:G78) -> 700000 | I78: =D78-F78 -> 9000000 | J78: =1/10*G78 -> 20000
A79: 71 | B79: Rusmini Bolot | C79: 17/3/26 | D79: ='28-4-26'!I79 -> 2400000 | H79: =SUM(F79:G79) -> 0 | I79: =D79-F79 -> 2400000 | J79: =1/10*G79 -> 0
A80: 72 | B80: Kartina | C80: 17/3/26 | D80: ='28-4-26'!I80 -> 800000 | H80: =SUM(F80:G80) -> 0 | I80: =D80-F80 -> 800000 | J80: =1/10*G80 -> 0
A81: 73 | B81: Kono | C81: 17/3/26 | D81: ='28-4-26'!I81 -> 7000000 | E81: 1 | F81: 700000 | G81: 140000 | H81: =SUM(F81:G81) -> 840000 | I81: =D81-F81 -> 6300000 | J81: =1/10*G81 -> 14000
A82: 74 | B82: Suyono | C82: 31/3/26 | D82: ='28-4-26'!I82 -> 1000000 | E82: 1 | F82: 200000 | G82: 20000 | H82: =SUM(F82:G82) -> 220000 | I82: =D82-F82 -> 800000 | J82: =1/10*G82 -> 2000
A83: 75 | B83: Saliyah | C83: 14/4/26 | D83: ='28-4-26'!I83 -> 500000 | H83: =SUM(F83:G83) -> 0 | I83: =D83-F83 -> 500000 | J83: =1/10*G83 -> 0
A84: 76 | B84: Turyanto Madiono | C84: 14/4/26 | D84: ='28-4-26'!I84 -> 450000 | H84: =SUM(F84:G84) -> 0 | I84: =D84-F84 -> 450000 | J84: =1/10*G84 -> 0
D85: ='28-4-26'!I85 -> 0 | H85: =SUM(F85:G85) -> 0 | I85: =D85-F85 -> 0 | J85: =1/10*G85 -> 0
D86: ='28-4-26'!I86 -> 0 | H86: =SUM(F86:G86) -> 0 | I86: =D86-F86 -> 0 | J86: =1/10*G86 -> 0
D87: ='28-4-26'!I87 -> 0 | H87: =SUM(F87:G87) -> 0 | I87: =D87-F87 -> 0 | J87: =1/10*G87 -> 0
D88: ='28-4-26'!I88 -> 0 | H88: =SUM(F88:G88) -> 0 | I88: =D88-F88 -> 0 | J88: =1/10*G88 -> 0
D89: ='28-4-26'!I89 -> 0 | H89: =SUM(F89:G89) -> 0 | I89: =D89-F89 -> 0 | J89: =1/10*G89 -> 0
D90: ='28-4-26'!I90 -> 0 | H90: =SUM(F90:G90) -> 0 | I90: =D90-F90 -> 0 | J90: =1/10*G90 -> 0
D91: ='28-4-26'!I91 -> 0 | H91: =SUM(F91:G91) -> 0 | I91: =D91-F91 -> 0 | J91: =1/10*G91 -> 0
D92: ='28-4-26'!I92 -> 0 | H92: =SUM(F92:G92) -> 0 | I92: =D92-F92 -> 0 | J92: =1/10*G92 -> 0
D93: ='28-4-26'!I93 -> 0 | H93: =SUM(F93:G93) -> 0 | I93: =D93-F93 -> 0 | J93: =1/10*G93 -> 0
D94: ='28-4-26'!I94 -> 0 | H94: =SUM(F94:G94) -> 0 | I94: =D94-F94 -> 0 | J94: =1/10*G94 -> 0
D95: ='28-4-26'!I95 -> 0 | H95: =SUM(F95:G95) -> 0 | I95: =D95-F95 -> 0 | J95: =1/10*G95 -> 0
D96: ='28-4-26'!I96 -> 0 | H96: =SUM(F96:G96) -> 0 | I96: =D96-F96 -> 0 | J96: =1/10*G96 -> 0
... D98: ='28-4-26'!I98 -> 0 | H98: =SUM(F98:G98) -> 0 | I98: =D98-F98 -> 0 | J98: =1/10*G98 -> 0
D99: ='24-3-26'!I99 -> 0 | H99: =SUM(F99:G99) -> 0 | I99: =D99-F99 -> 0 | J99: =1/10*G99 -> 0
D100: ='24-3-26'!I100 -> 0 | H100: =SUM(F100:G100) -> 0 | I100: =D100-F100 -> 0 | J100: =1/10*G100 -> 0
D101: ='24-3-26'!I101 -> 0 | H101: =SUM(F101:G101) -> 0 | I101: =D101-F101 -> 0 | J101: =1/10*G101 -> 0
D102: ='24-3-26'!I102 -> 0 | H102: =SUM(F102:G102) -> 0 | I102: =D102-F102 -> 0 | J102: =1/10*G102 -> 0
D103: ='24-3-26'!I103 -> 0 | H103: =SUM(F103:G103) -> 0 | I103: =D103-F103 -> 0 | J103: =1/10*G103 -> 0
D104: ='24-3-26'!I104 -> 0 | H104: =SUM(F104:G104) -> 0 | I104: =D104-F104 -> 0 | J104: =1/10*G104 -> 0
D105: ='24-3-26'!I105 -> 0 | H105: =SUM(F105:G105) -> 0 | I105: =D105-F105 -> 0 | J105: =1/10*G105 -> 0
D106: ='24-3-26'!I106 -> 0 | H106: =SUM(F106:G106) -> 0 | I106: =D106-F106 -> 0 | J106: =1/10*G106 -> 0
D107: ='24-3-26'!I107 -> 0 | H107: =SUM(F107:G107) -> 0 | I107: =D107-F107 -> 0 | J107: =1/10*G107 -> 0
D108: ='24-3-26'!I108 -> 0 | H108: =SUM(F108:G108) -> 0 | I108: =D108-F108 -> 0 | J108: =1/10*G108 -> 0
D109: ='24-3-26'!I109 -> 0 | H109: =SUM(F109:G109) -> 0 | I109: =D109-F109 -> 0 | J109: =1/10*G109 -> 0
D110: ='24-3-26'!I110 -> 0 | H110: =SUM(F110:G110) -> 0 | I110: =D110-F110 -> 0 | J110: =1/10*G110 -> 0
... D187: ='24-3-26'!I187 -> 0 | H187: =SUM(F187:G187) -> 0 | I187: =D187-F187 -> 0 | J187: =1/10*G187 -> 0
B188: Jumlah | D188: =SUM(D9:D187) -> 444617000 | E188: =SUM(E9:E187) -> 49 | F188: =SUM(F9:F187) -> 2500000 | G188: =SUM(G9:G187) -> 1760000 | H188: =SUM(H9:H187) -> 4260000 | I188: =SUM(I9:I187) -> 442117000 | J188: =SUM(J9:J187) -> 176000
B190: Catatan | C190: :
B191: Total jasa | C191: ; Rp | D191: =G188 -> 1760000 | F191: Windusari, 5 Mei 2026
B192: Tiap bagian | C192: ; Rp | D192: =D191/20 -> 88000 | F192: Pengurus KSU "CAHAYA DHAMMA PHALA"
B193: Rincian | C193: ; | F193: Ketua | H193: Bendahara
B194: Japinup | C194: ; Rp | D194: =11*D192 -> 968000
B195: Dana Sosial | C195: ; Rp | D195: =1/2*D192 -> 44000
B196: Dana Pendidikan | C196: ; Rp | D196: =1/2*D192 -> 44000
B197: Dana CRK | C197: ; Rp | D197: =1/2*D192 -> 44000
B198: Dana Pembangunan | C198: ; Rp | D198: =1/2*D192 -> 44000 | F198: Waridi | H198: Oru Wasaton
B199: SWK | C199: ; Rp | D199: =2*D192 -> 176000
B200: Dana Kesra | C200: ; Rp | D200: =5*D192 -> 440000
...

Sheet 12-5-26
A1: KOPERASI SERBA USAHA "CAHAYA DHAMMA PHALA"
A2: Badan Hukum No. 2/BH/XIV.1/II/2016 Tanggal 5 Februari 2016
A3: Dukuh Windusari, Desa Sokaraja, Kec. Pagentan, Kab. Banjarnegara 53455
A5: BUKU ANGSURAN PINJAMAN ANGGOTA
A6: Per 12 Mei 2026
A7: NO. | B7: NAMA | C7: TGL | E7: ANGSURAN PINJAMAN | I7: SISA | J7: SWK
E8: KE | F8: POKOK | G8: JASA | H8: JUMLAH
A9: 1 | B9: Suryadi | C9: 4-4-17 | D9: ='5-5-26'!I9 -> 5500000 | H9: =SUM(F9:G9) -> 0 | I9: =D9-F9 -> 5500000 | J9: =1/10*G9 -> 0
A10: 2 | B10: Waginah | C10: 16-5-17 | D10: ='5-5-26'!I10 -> 1910000 | H10: =SUM(F10:G10) -> 0 | I10: =D10-F10 -> 1910000 | J10: =1/10*G10 -> 0
A11: 3 | B11: Tarmono | C11: 18-8-20 | D11: ='5-5-26'!I11 -> 0 | H11: =SUM(F11:G11) -> 0 | I11: =D11-F11 -> 0 | J11: =1/10*G11 -> 0
A12: 4 | B12: Juliyah | C12: 2-2-21 | D12: ='5-5-26'!I12 -> 13750000 | H12: =SUM(F12:G12) -> 0 | I12: =D12-F12 -> 13750000 | J12: =1/10*G12 -> 0
A13: 5 | B13: Purwadi | C13: 14-03-21 | D13: ='5-5-26'!I13 -> 19950000 | H13: =SUM(F13:G13) -> 0 | I13: =D13-F13 -> 19950000 | J13: =1/10*G13 -> 0
A14: 6 | B14: Waluyo Ragil | C14: 27-04-21 | D14: ='5-5-26'!I14 -> 100000 | H14: =SUM(F14:G14) -> 0 | I14: =D14-F14 -> 100000 | J14: =1/10*G14 -> 0
A15: 7 | B15: Sapdono | C15: 24-8-23 | D15: ='5-5-26'!I15 -> 10500000 | H15: =SUM(F15:G15) -> 0 | I15: =D15-F15 -> 10500000 | J15: =1/10*G15 -> 0
A16: 8 | B16: Sudarma Widya | C16: 28-09-21 | D16: ='5-5-26'!I16 -> 15310000 | H16: =SUM(F16:G16) -> 0 | I16: =D16-F16 -> 15310000 | J16: =1/10*G16 -> 0
A17: 9 | B17: Rahmadi | C17: 15-2-22 | D17: ='5-5-26'!I17 -> 6150000 | H17: =SUM(F17:G17) -> 0 | I17: =D17-F17 -> 6150000 | J17: =1/10*G17 -> 0
A18: 10 | B18: Ratmi | C18: 8-3-22 | D18: ='5-5-26'!I18 -> 11995000 | H18: =SUM(F18:G18) -> 0 | I18: =D18-F18 -> 11995000 | J18: =1/10*G18 -> 0
A19: 11 | B19: Cipret | C19: 21-6-22 | D19: ='5-5-26'!I19 -> 3500000 | H19: =SUM(F19:G19) -> 0 | I19: =D19-F19 -> 3500000 | J19: =1/10*G19 -> 0
A20: 12 | B20: Ika Kurniasih | C20: 03-1-22 | D20: ='5-5-26'!I20 -> 42000000 | H20: =SUM(F20:G20) -> 0 | I20: =D20-F20 -> 42000000 | J20: =1/10*G20 -> 0
... A24: 16 | B24: Sartiyah | C24: 04-04-23 | D24: ='5-5-26'!I24 -> 600000 | H24: =SUM(F24:G24) -> 0 | I24: =D24-F24 -> 600000 | J24: =1/10*G24 -> 0
A25: 17 | B25: Dwi Vijjayanti | C25: 11-04-23 | D25: ='5-5-26'!I25 -> 22200000 | E25: 17 | F25: 800000 | G25: 700000 | H25: =SUM(F25:G25) -> 1500000 | I25: =D25-F25 -> 21400000 | J25: =1/10*G25 -> 70000
A26: 18 | B26: Marsinem | C26: 2-5-23 | D26: ='5-5-26'!I26 -> 3800000 | H26: =SUM(F26:G26) -> 0 | I26: =D26-F26 -> 3800000 | J26: =1/10*G26 -> 0
A27: 19 | B27: Suharjanto | C27: 11/7/23 | D27: ='5-5-26'!I27 -> 760000 | H27: =SUM(F27:G27) -> 0 | I27: =D27-F27 -> 760000 | J27: =1/10*G27 -> 0
A28: 20 | B28: Saliyah | C28: 18/7/23 | D28: ='5-5-26'!I28 -> 0 | H28: =SUM(F28:G28) -> 0 | I28: =D28-F28 -> 0 | J28: =1/10*G28 -> 0
A29: 21 | B29: Suminah | C29: 26-9-23 | D29: ='5-5-26'!I29 -> 0 | H29: =SUM(F29:G29) -> 0 | I29: =D29-F29 -> 0 | J29: =1/10*G29 -> 0
A30: 22 | B30: Leni | C30: 10-10-23 | D30: ='5-5-26'!I30 -> 2500000 | H30: =SUM(F30:G30) -> 0 | I30: =D30-F30 -> 2500000 | J30: =1/10*G30 -> 0
A31: 23 | B31: Kasmi Purwadi | C31: 24-10-23 | D31: ='5-5-26'!I31 -> 500000 | H31: =SUM(F31:G31) -> 0 | I31: =D31-F31 -> 500000 | J31: =1/10*G31 -> 0
A32: 24 | B32: Gini Wanto | C32: 24-10-23 | D32: ='5-5-26'!I32 -> 12000000 | H32: =SUM(F32:G32) -> 0 | I32: =D32-F32 -> 12000000 | J32: =1/10*G32 -> 0
A33: 25 | B33: Kami | C33: 9/1/24 | D33: ='5-5-26'!I33 -> 600000 | H33: =SUM(F33:G33) -> 0 | I33: =D33-F33 -> 600000 | J33: =1/10*G33 -> 0
A34: 26 | B34: Wahyuni | C34: 30/1/24 | D34: ='5-5-26'!I34 -> 2400000 | H34: =SUM(F34:G34) -> 0 | I34: =D34-F34 -> 2400000 | J34: =1/10*G34 -> 0
A35: 27 | B35: Karsih | C35: 30/1/24 | D35: ='5-5-26'!I35 -> 3250000 | H35: =SUM(F35:G35) -> 0 | I35: =D35-F35 -> 3250000 | J35: =1/10*G35 -> 0
A36: 28 | B36: Painten Darwito | C36: 16/2/24 | D36: ='5-5-26'!I36 -> 6400000 | H36: =SUM(F36:G36) -> 0 | I36: =D36-F36 -> 6400000 | J36: =1/10*G36 -> 0
A37: 29 | B37: Karni | C37: 2/4/24 | D37: ='5-5-26'!I37 -> 1250000 | H37: =SUM(F37:G37) -> 0 | I37: =D37-F37 -> 1250000 | J37: =1/10*G37 -> 0
... A51: 43 | B51: Minardi | C51: 21/1/25 | D51: ='5-5-26'!I51 -> 15700000 | H51: =SUM(F51:G51) -> 0 | I51: =D51-F51 -> 15700000 | J51: =1/10*G51 -> 0
A52: 44 | B52: Kuat Siti Kirana | C52: 28/1/25 | D52: ='5-5-26'!I52 -> 25000000 | E52: 8 | F52: 400000 | G52: 600000 | H52: =SUM(F52:G52) -> 1000000 | I52: =D52-F52 -> 24600000 | J52: =1/10*G52 -> 60000
A53: 45 | B53: Vijja Ratano | C53: 18/2/25 | D53: ='5-5-26'!I53 -> 0 | H53: =SUM(F53:G53) -> 0 | I53: =D53-F53 -> 0 | J53: =1/10*G53 -> 0
A54: 46 | B54: Suroto | C54: 18/2/25 | D54: ='5-5-26'!I54 -> 4400000 | E54: 5 | F54: 200000 | G54: 100000 | H54: =SUM(F54:G54) -> 300000 | I54: =D54-F54 -> 4200000 | J54: =1/10*G54 -> 10000
A55: 47 | B55: Sono | C55: 25/2/25 | D55: ='5-5-26'!I55 -> 7460000 | H55: =SUM(F55:G55) -> 0 | I55: =D55-F55 -> 7460000 | J55: =1/10*G55 -> 0
A56: 48 | B56: Metta Candra D. | C56: 25/2/25 | D56: ='5-5-26'!I56 -> 0 | H56: =SUM(F56:G56) -> 0 | I56: =D56-F56 -> 0 | J56: =1/10*G56 -> 0
A57: 49 | B57: Mislam | C57: 25/2/25 | D57: ='5-5-26'!I57 -> 20000000 | H57: =SUM(F57:G57) -> 0 | I57: =D57-F57 -> 20000000 | J57: =1/10*G57 -> 0
A58: 50 | B58: Lewih | C58: 25/3/25 | D58: ='5-5-26'!I58 -> 645000 | E58: 14 | F58: 645000 | G58: 100000 | H58: =SUM(F58:G58) -> 745000 | I58: =D58-F58 -> 0 | J58: =1/10*G58 -> 10000
A59: 51 | B59: Rusmini Bolot | C59: 8/4/25 | D59: ='5-5-26'!I59 -> 0 | H59: =SUM(F59:G59) -> 0 | I59: =D59-F59 -> 0 | J59: =1/10*G59 -> 0
A60: 52 | B60: Kadi | C60: 15/4/25 | D60: ='5-5-26'!I60 -> 2750000 | H60: =SUM(F60:G60) -> 0 | I60: =D60-F60 -> 2750000 | J60: =1/10*G60 -> 0
A61: 53 | B61: Marsito | C61: 27-5-25 | D61: ='5-5-26'!I61 -> 230000 | H61: =SUM(F61:G61) -> 0 | I61: =D61-F61 -> 230000 | J61: =1/10*G61 -> 0
A62: 54 | B62: Darwito | C62: 10-6-25 | D62: ='5-5-26'!I62 -> 0 | H62: =SUM(F62:G62) -> 0 | I62: =D62-F62 -> 0 | J62: =1/10*G62 -> 0
A63: 55 | B63: Manis | C63: 15r-7-25 | D63: ='5-5-26'!I63 -> 0 | H63: =SUM(F63:G63) -> 0 | I63: =D63-F63 -> 0 | J63: =1/10*G63 -> 0
A64: 56 | B64: Turyanto Madiono | C64: 12-8-25 | D64: ='5-5-26'!I64 -> 0 | H64: =SUM(F64:G64) -> 0 | I64: =D64-F64 -> 0 | J64: =1/10*G64 -> 0
A65: 57 | B65: Aniah Marsih | C65: 26/9/25 | D65: ='5-5-26'!I65 -> 5862000 | H65: =SUM(F65:G65) -> 0 | I65: =D65-F65 -> 5862000 | J65: =1/10*G65 -> 0
A66: 58 | B66: Ranem | C66: 26/9/25 | D66: ='5-5-26'!I66 -> 100000 | E66: 9 | F66: 50000 | G66: 10000 | H66: =SUM(F66:G66) -> 60000 | I66: =D66-F66 -> 50000 | J66: =1/10*G66 -> 1000
A67: 59 | B67: Tato | C67: 18/11/25 | D67: ='5-5-26'!I67 -> 0 | H67: =SUM(F67:G67) -> 0 | I67: =D67-F67 -> 0 | J67: =1/10*G67 -> 0
A68: 60 | B68: Oruwasaton | C68: 24/2/26 | D68: ='5-5-26'!I68 -> 3400000 | H68: =SUM(F68:G68) -> 0 | I68: =D68-F68 -> 3400000 | J68: =1/10*G68 -> 0
A69: 61 | B69: Budi Rahayu | C69: 24/2/26 | D69: ='5-5-26'!I69 -> 50000000 | H69: =SUM(F69:G69) -> 0 | I69: =D69-F69 -> 50000000 | J69: =1/10*G69 -> 0
A70: 62 | B70: Waridi | C70: 24/2/26 | D70: ='5-5-26'!I70 -> 1000000 | H70: =SUM(F70:G70) -> 0 | I70: =D70-F70 -> 1000000 | J70: =1/10*G70 -> 0
A71: 63 | B71: Jumini | C71: 24/2/26 | D71: ='5-5-26'!I71 -> 2000000 | E71: 3 | F71: 500000 | G71: 60000 | H71: =SUM(F71:G71) -> 560000 | I71: =D71-F71 -> 1500000 | J71: =1/10*G71 -> 6000
A72: 64 | B72: Vijja Ratano | C72: 24/2/26 | D72: ='5-5-26'!I72 -> 1800000 | E72: 2 | F72: 200000 | G72: 40000 | H72: =SUM(F72:G72) -> 240000 | I72: =D72-F72 -> 1600000 | J72: =1/10*G72 -> 4000
A73: 65 | B73: Tukimin | C73: 24/2/26 | D73: 5000000 | H73: =SUM(F73:G73) -> 0 | I73: =D73-F73 -> 5000000 | J73: =1/10*G73 -> 0
A74: 66 | B74: Hartini | C74: 4/3/26 | D74: ='5-5-26'!I74 -> 0 | H74: =SUM(F74:G74) -> 0 | I74: =D74-F74 -> 0 | J74: =1/10*G74 -> 0
A75: 67 | B75: Suminah | C75: 4/3/26 | D75: ='5-5-26'!I75 -> 2700000 | E75: 2 | F75: 300000 | G75: 60000 | H75: =SUM(F75:G75) -> 360000 | I75: =D75-F75 -> 2400000 | J75: =1/10*G75 -> 6000
A76: 68 | B76: Slamet Suwanto | C76: 10/3/26 | D76: ='5-5-26'!I76 -> 990000 | H76: =SUM(F76:G76) -> 0 | I76: =D76-F76 -> 990000 | J76: =1/10*G76 -> 0
A77: 69 | B77: Mursono | C77: 10/3/26 | D77: ='5-5-26'!I77 -> 4750000 | E77: 2 | F77: 250000 | G77: 100000 | H77: =SUM(F77:G77) -> 350000 | I77: =D77-F77 -> 4500000 | J77: =1/10*G77 -> 10000
A78: 70 | B78: Suwanto | C78: 17/3/26 | D78: ='5-5-26'!I78 -> 9000000 | H78: =SUM(F78:G78) -> 0 | I78: =D78-F78 -> 9000000 | J78: =1/10*G78 -> 0
A79: 71 | B79: Rusmini Bolot | C79: 17/3/26 | D79: ='5-5-26'!I79 -> 2400000 | E79: 2 | F79: 300000 | G79: 60000 | H79: =SUM(F79:G79) -> 360000 | I79: =D79-F79 -> 2100000 | J79: =1/10*G79 -> 6000
A80: 72 | B80: Kartina | C80: 17/3/26 | D80: ='5-5-26'!I80 -> 800000 | H80: =SUM(F80:G80) -> 0 | I80: =D80-F80 -> 800000 | J80: =1/10*G80 -> 0
A81: 73 | B81: Kono | C81: 17/3/26 | D81: ='5-5-26'!I81 -> 6300000 | H81: =SUM(F81:G81) -> 0 | I81: =D81-F81 -> 6300000 | J81: =1/10*G81 -> 0
A82: 74 | B82: Suyono | C82: 31/3/26 | D82: ='5-5-26'!I82 -> 800000 | H82: =SUM(F82:G82) -> 0 | I82: =D82-F82 -> 800000 | J82: =1/10*G82 -> 0
A83: 75 | B83: Saliyah | C83: 14/4/26 | D83: ='5-5-26'!I83 -> 500000 | H83: =SUM(F83:G83) -> 0 | I83: =D83-F83 -> 500000 | J83: =1/10*G83 -> 0
A84: 76 | B84: Turyanto Madiono | C84: 14/4/26 | D84: ='5-5-26'!I84 -> 450000 | E84: 2 | F84: 50000 | G84: 10000 | H84: =SUM(F84:G84) -> 60000 | I84: =D84-F84 -> 400000 | J84: =1/10*G84 -> 1000
A85: 77 | B85: Tato | C85: 2/5/26 | D85: 5000000 | H85: =SUM(F85:G85) -> 0 | I85: =D85-F85 -> 5000000 | J85: =1/10*G85 -> 0
A86: 78 | B86: Darmo Wirya | C86: 5/5/26 | D86: 1000000 | H86: =SUM(F86:G86) -> 0 | I86: =D86-F86 -> 1000000 | J86: =1/10*G86 -> 0
A87: 79 | B87: Wahyu Dharmawan | C87: 5/5/26 | D87: 500000 | H87: =SUM(F87:G87) -> 0 | I87: =D87-F87 -> 500000 | J87: =1/10*G87 -> 0
A88: 80 | B88: Lewih | C88: 12/5/26 | D88: 3000000 | H88: =SUM(F88:G88) -> 0 | I88: =D88-F88 -> 3000000 | J88: =1/10*G88 -> 0
D89: ='28-4-26'!I89 -> 0 | H89: =SUM(F89:G89) -> 0 | I89: =D89-F89 -> 0 | J89: =1/10*G89 -> 0
D90: ='28-4-26'!I90 -> 0 | H90: =SUM(F90:G90) -> 0 | I90: =D90-F90 -> 0 | J90: =1/10*G90 -> 0
D91: ='28-4-26'!I91 -> 0 | H91: =SUM(F91:G91) -> 0 | I91: =D91-F91 -> 0 | J91: =1/10*G91 -> 0
D92: ='28-4-26'!I92 -> 0 | H92: =SUM(F92:G92) -> 0 | I92: =D92-F92 -> 0 | J92: =1/10*G92 -> 0
D93: ='28-4-26'!I93 -> 0 | H93: =SUM(F93:G93) -> 0 | I93: =D93-F93 -> 0 | J93: =1/10*G93 -> 0
D94: ='28-4-26'!I94 -> 0 | H94: =SUM(F94:G94) -> 0 | I94: =D94-F94 -> 0 | J94: =1/10*G94 -> 0
D95: ='28-4-26'!I95 -> 0 | H95: =SUM(F95:G95) -> 0 | I95: =D95-F95 -> 0 | J95: =1/10*G95 -> 0
D96: ='28-4-26'!I96 -> 0 | H96: =SUM(F96:G96) -> 0 | I96: =D96-F96 -> 0 | J96: =1/10*G96 -> 0
D97: ='28-4-26'!I97 -> 0 | H97: =SUM(F97:G97) -> 0 | I97: =D97-F97 -> 0 | J97: =1/10*G97 -> 0
D98: ='28-4-26'!I98 -> 0 | H98: =SUM(F98:G98) -> 0 | I98: =D98-F98 -> 0 | J98: =1/10*G98 -> 0
D99: ='24-3-26'!I99 -> 0 | H99: =SUM(F99:G99) -> 0 | I99: =D99-F99 -> 0 | J99: =1/10*G99 -> 0
D100: ='24-3-26'!I100 -> 0 | H100: =SUM(F100:G100) -> 0 | I100: =D100-F100 -> 0 | J100: =1/10*G100 -> 0
D101: ='24-3-26'!I101 -> 0 | H101: =SUM(F101:G101) -> 0 | I101: =D101-F101 -> 0 | J101: =1/10*G101 -> 0
D102: ='24-3-26'!I102 -> 0 | H102: =SUM(F102:G102) -> 0 | I102: =D102-F102 -> 0 | J102: =1/10*G102 -> 0
D103: ='24-3-26'!I103 -> 0 | H103: =SUM(F103:G103) -> 0 | I103: =D103-F103 -> 0 | J103: =1/10*G103 -> 0
D104: ='24-3-26'!I104 -> 0 | H104: =SUM(F104:G104) -> 0 | I104: =D104-F104 -> 0 | J104: =1/10*G104 -> 0
D105: ='24-3-26'!I105 -> 0 | H105: =SUM(F105:G105) -> 0 | I105: =D105-F105 -> 0 | J105: =1/10*G105 -> 0
D106: ='24-3-26'!I106 -> 0 | H106: =SUM(F106:G106) -> 0 | I106: =D106-F106 -> 0 | J106: =1/10*G106 -> 0
